Video File,Time (seconds),Time spent in Behavior (seconds),Location,Gradient Index Score,Behavior,Classification,What insect,Bee ID ,Frame Index,Comments
04042022_164_C8_1,866.666,0.233,Kellogg,57.649,anther contact,Suburban,Andrena,79,25975,
04042022_164_C8_1,866.899,,Kellogg,57.649,anther contact,Suburban,Andrena,79,25982,
04042022_164_C8_1,868.301,0.367,Kellogg,57.649,body side PER,Suburban,Andrena,79,26024,
04042022_164_C8_1,868.668,,Kellogg,57.649,body side PER,Suburban,Andrena,79,26035,
04042022_164_C8_1,862.929,6.706,Kellogg,57.649,land,Suburban,Andrena,79,25863,listed as solitary bee
04042022_164_C8_1,869.635,,Kellogg,57.649,leave,Suburban,Andrena,79,26064,
04052022_E87_C6_1,5155.05,0.968,EarthDance,22.573,anther contact,Exurban,Andrena,101,154498,"labled as honey bee but believe it is ""Andrena or Halictus"
04052022_E87_C6_1,5156.018,,EarthDance,22.573,anther contact,Exurban,Andrena,101,154527,"labled as honey bee but believe it is ""Andrena or Halictus"
04052022_E87_C6_1,5156.451,0.067,EarthDance,22.573,anther contact,Exurban,Andrena,101,154540,"labled as honey bee but believe it is ""Andrena or Halictus"
04052022_E87_C6_1,5156.518,,EarthDance,22.573,anther contact,Exurban,Andrena,101,154542,"labled as honey bee but believe it is ""Andrena or Halictus"
04052022_E87_C6_1,5156.018,0.433,EarthDance,22.573,body side PER,Exurban,Andrena,101,154527,"labled as honey bee but believe it is ""Andrena or Halictus"
04052022_E87_C6_1,5156.451,,EarthDance,22.573,body side PER,Exurban,Andrena,101,154540,"labled as honey bee but believe it is ""Andrena or Halictus"
04052022_E87_C6_1,5155.05,1.501,EarthDance,22.573,land,Exurban,Andrena,101,154498,"labled as honey bee but believe it is ""Andrena or Halictus"
04052022_E87_C6_1,5156.551,,EarthDance,22.573,leave,Exurban,Andrena,101,154543,"labled as honey bee but believe it is ""Andrena or Halictus"
04102022_12_C2_3,3831.161,0.367,COLA,26.266,anther contact,Exurban,Andrena,114,114821,
04102022_12_C2_2,3831.528,,COLA,26.266,anther contact,Exurban,Andrena,114,114832,
04102022_12_C2_2,3844.741,1.535,COLA,26.266,anther contact,Exurban,Andrena,114,115228,
04102022_12_C2_2,3846.276,,COLA,26.266,anther contact,Exurban,Andrena,114,115274,
04102022_12_C2_2,3857.921,2.402,COLA,26.266,anther contact,Exurban,Andrena,114,115623,
04102022_12_C2_2,3860.323,,COLA,26.266,anther contact,Exurban,Andrena,114,115695,
04102022_12_C2_2,3868.264,1.535,COLA,26.266,anther contact,Exurban,Andrena,114,115933,
04102022_12_C2_2,3869.799,,COLA,26.266,anther contact,Exurban,Andrena,114,115979,
04102022_12_C2_2,3902.098,1.702,COLA,26.266,anther contact,Exurban,Andrena,114,116947,
04102022_12_C2_2,3903.8,,COLA,26.266,anther contact,Exurban,Andrena,114,116998,
04102022_12_C2_2,3831.528,4.304,COLA,26.266,head frontal PER,Exurban,Andrena,114,114832,
04102022_12_C2_2,3835.832,,COLA,26.266,head frontal PER,Exurban,Andrena,114,114961,
04102022_12_C2_2,3846.276,11.645,COLA,26.266,head frontal PER,Exurban,Andrena,114,115274,
04102022_12_C2_2,3857.921,,COLA,26.266,head frontal PER,Exurban,Andrena,114,115623,
04102022_12_C2_2,3869.799,31.599,COLA,26.266,head frontal PER,Exurban,Andrena,114,115979,
04102022_12_C2_2,3901.398,,COLA,26.266,head frontal PER,Exurban,Andrena,114,116926,
04102022_12_C2_2,3838.201,5.739,COLA,26.266,head side PER,Exurban,Andrena,114,115032,
04102022_12_C2_2,3843.94,,COLA,26.266,head side PER,Exurban,Andrena,114,115204,
04102022_12_C2_2,3860.323,6.54,COLA,26.266,head side PER,Exurban,Andrena,114,115695,
04102022_12_C2_2,3866.863,,COLA,26.266,head side PER,Exurban,Andrena,114,115891,
04102022_12_C2_2,3831.161,72.672,COLA,26.266,land,Exurban,Andrena,114,114821,
04102022_12_C2_2,3903.833,,COLA,26.266,leave,Exurban,Andrena,114,116999,
04102022_12_C2_2,3835.832,2.369,COLA,26.266,pollinator combo,Exurban,Andrena,114,114961,
04102022_12_C2_2,3838.201,,COLA,26.266,pollinator combo,Exurban,Andrena,114,115032,
04102022_12_C2_2,3866.863,1.401,COLA,26.266,unclear,Exurban,Andrena,114,115891,
04102022_12_C2_2,3868.264,,COLA,26.266,unclear,Exurban,Andrena,114,115933,
04122022_124_C9_1,3620.083,2.703,EarthDance,22.573,anther contact,Exurban,Andrena,141,108495,
04122022_124_C9_1,3622.786,,EarthDance,22.573,anther contact,Exurban,Andrena,141,108576,
04122022_124_C9_1,3624.154,1.401,EarthDance,22.573,anther contact,Exurban,Andrena,141,108617,
04122022_124_C9_1,3625.555,,EarthDance,22.573,anther contact,Exurban,Andrena,141,108659,
04122022_124_C9_1,3626.656,8.409,EarthDance,22.573,anther contact,Exurban,Andrena,141,108692,
04122022_124_C9_1,3635.065,,EarthDance,22.573,anther contact,Exurban,Andrena,141,108944,
04122022_124_C9_1,3625.555,1.101,EarthDance,22.573,head frontal PER,Exurban,Andrena,141,108659,
04122022_124_C9_1,3626.656,,EarthDance,22.573,head frontal PER,Exurban,Andrena,141,108692,
04122022_124_C9_1,3617.881,17.551,EarthDance,22.573,land,Exurban,Andrena,141,108429,
04122022_124_C9_1,3635.432,,EarthDance,22.573,leave,Exurban,Andrena,141,108955,
04122022_124_C9_1,3622.786,1.368,EarthDance,22.573,rubbing face,Exurban,Andrena,141,108576,
04122022_124_C9_1,3624.154,,EarthDance,22.573,rubbing face,Exurban,Andrena,141,108617,
04122022_124_C9_1,3618.048,0.867,EarthDance,22.573,unclear,Exurban,Andrena,141,108434,
04122022_124_C9_1,3618.915,,EarthDance,22.573,unclear,Exurban,Andrena,141,108460,
04122022_24_C3_1,6072.967,3.07,SLU,65.183,land,Urban,Andrena,145,182008,
04122022_24_C3_1,6076.037,,SLU,65.183,leave,Urban,Andrena,145,182100,
04122022_24_C3_1,6072.967,1.101,SLU,65.183,unclear,Urban,Andrena,145,182008,
04122022_24_C3_1,6074.068,,SLU,65.183,unclear,Urban,Andrena,145,182041,
04122022_24_C3_1,6075.236,0.767,SLU,65.183,unclear,Urban,Andrena,145,182076,
04122022_24_C3_1,6076.003,,SLU,65.183,unclear,Urban,Andrena,145,182099,
04122022_28_C4_1,2781.178,0.034,EarthDance,22.573,anther contact,Exurban,Andrena,150,83353,
04122022_28_C4_1,2781.212,,EarthDance,22.573,anther contact,Exurban,Andrena,150,83354,
04122022_28_C4_1,2785.683,2.169,EarthDance,22.573,anther contact,Exurban,Andrena,150,83488,
04122022_28_C4_1,2787.852,,EarthDance,22.573,anther contact,Exurban,Andrena,150,83553,
04122022_28_C4_1,2788.686,0.033,EarthDance,22.573,anther contact,Exurban,Andrena,150,83578,
04122022_28_C4_1,2788.719,,EarthDance,22.573,anther contact,Exurban,Andrena,150,83579,
04122022_28_C4_1,2787.852,0.834,EarthDance,22.573,head frontal PER,Exurban,Andrena,150,83553,
04122022_28_C4_1,2788.686,,EarthDance,22.573,head frontal PER,Exurban,Andrena,150,83578,
04122022_28_C4_1,2781.178,7.608,EarthDance,22.573,land,Exurban,Andrena,150,83353,
04122022_28_C4_1,2788.786,,EarthDance,22.573,leave,Exurban,Andrena,150,83581,
04122022_28_C4_1,2781.779,0.901,EarthDance,22.573,scraping,Exurban,Andrena,150,83371,
04122022_28_C4_1,2782.68,,EarthDance,22.573,scraping,Exurban,Andrena,150,83398,
04122022_28_C4_1,2781.212,0.534,EarthDance,22.573,unclear,Exurban,Andrena,150,83354,
04122022_28_C4_1,2781.746,,EarthDance,22.573,unclear,Exurban,Andrena,150,83370,
04122022_28_C4_1,2782.713,2.937,EarthDance,22.573,unclear,Exurban,Andrena,150,83399,
04122022_28_C4_1,2785.65,,EarthDance,22.573,unclear,Exurban,Andrena,150,83487,
04192022_194_C7_1,4544.407,21.454,Florissant,38.898,land,Suburban,Andrena,193,136197,
04192022_194_C7_1,4565.861,,Florissant,38.898,leave,Suburban,Andrena,193,136840,
04192022_194_C7_1,4549.412,16.383,Florissant,38.898,stay,Suburban,Andrena,193,136347,
04192022_194_C7_1,4565.795,,Florissant,38.898,stay,Suburban,Andrena,193,136838,
04212022_148_C4_1,3840.47,0.901,HLS,29.329,anther contact,Suburban,Andrena,207,115100,
04212022_148_C4_1,3841.371,,HLS,29.329,anther contact,Suburban,Andrena,207,115127,
04212022_148_C4_1,3845.375,0.767,HLS,29.329,anther contact,Suburban,Andrena,207,115247,
04212022_148_C4_1,3846.142,,HLS,29.329,anther contact,Suburban,Andrena,207,115270,
04212022_148_C4_1,3847.077,2.035,HLS,29.329,anther contact,Suburban,Andrena,207,115298,
04212022_148_C4_1,3849.112,,HLS,29.329,anther contact,Suburban,Andrena,207,115359,
04212022_148_C4_1,3846.142,0.935,HLS,29.329,head frontal PER,Suburban,Andrena,207,115270,
04212022_148_C4_1,3847.077,,HLS,29.329,head frontal PER,Suburban,Andrena,207,115298,
04212022_148_C4_1,3841.371,4.004,HLS,29.329,head side PER,Suburban,Andrena,207,115127,
04212022_148_C4_1,3845.375,,HLS,29.329,head side PER,Suburban,Andrena,207,115247,
04212022_148_C4_1,3838.735,10.377,HLS,29.329,land,Suburban,Andrena,207,115048,
04212022_148_C4_1,3849.112,,HLS,29.329,leave,Suburban,Andrena,207,115359,
04222022_226_C1,2087.319,0.8,COLA,26.266,anther contact,Exurban,Andrena,211,62558,can't see if it has facial fovea
04222022_226_C1,2088.119,,COLA,26.266,anther contact,Exurban,Andrena,211,62582,can't see if it has facial fovea
04222022_226_C1,2092.924,1.168,COLA,26.266,anther contact,Exurban,Andrena,211,62726,can't see if it has facial fovea
04222022_226_C1,2094.092,,COLA,26.266,anther contact,Exurban,Andrena,211,62761,can't see if it has facial fovea
04222022_226_C1,2095.827,0.534,COLA,26.266,anther contact,Exurban,Andrena,211,62813,can't see if it has facial fovea
04222022_226_C1,2096.361,,COLA,26.266,anther contact,Exurban,Andrena,211,62829,can't see if it has facial fovea
04222022_226_C1,2097.495,0.768,COLA,26.266,anther contact,Exurban,Andrena,211,62863,can't see if it has facial fovea
04222022_226_C1,2098.263,,COLA,26.266,anther contact,Exurban,Andrena,211,62886,can't see if it has facial fovea
04222022_226_C1,2088.119,4.805,COLA,26.266,head frontal PER,Exurban,Andrena,211,62582,can't see if it has facial fovea
04222022_226_C1,2092.924,,COLA,26.266,head frontal PER,Exurban,Andrena,211,62726,can't see if it has facial fovea
04222022_226_C1,2094.092,1.735,COLA,26.266,head frontal PER,Exurban,Andrena,211,62761,can't see if it has facial fovea
04222022_226_C1,2095.827,,COLA,26.266,head frontal PER,Exurban,Andrena,211,62813,can't see if it has facial fovea
04222022_226_C1,2096.361,1.134,COLA,26.266,head side PER,Exurban,Andrena,211,62829,can't see if it has facial fovea
04222022_226_C1,2097.495,,COLA,26.266,head side PER,Exurban,Andrena,211,62863,can't see if it has facial fovea
04222022_226_C1,2084.349,13.914,COLA,26.266,land,Exurban,Andrena,211,62469,can't see if it has facial fovea
04222022_226_C1,2098.263,,COLA,26.266,leave,Exurban,Andrena,211,62886,can't see if it has facial fovea
04272022_252_C10_1,361.795,0.267,Rustic Roots,16.489,anther contact,Exurban,Andrena,244,10844,
04272022_252_C10_1,362.062,,Rustic Roots,16.489,anther contact,Exurban,Andrena,244,10852,
04272022_252_C10_1,368.568,0.334,Rustic Roots,16.489,anther contact,Exurban,Andrena,244,11047,
04272022_252_C10_1,368.902,,Rustic Roots,16.489,anther contact,Exurban,Andrena,244,11057,
04272022_252_C10_1,369.202,1.168,Rustic Roots,16.489,anther contact,Exurban,Andrena,244,11066,
04272022_252_C10_1,370.37,,Rustic Roots,16.489,anther contact,Exurban,Andrena,244,11101,
04272022_252_C10_1,391.625,0.8,Rustic Roots,16.489,anther contact,Exurban,Andrena,244,11738,
04272022_252_C10_1,392.425,,Rustic Roots,16.489,anther contact,Exurban,Andrena,244,11762,
04272022_252_C10_1,394.461,2.769,Rustic Roots,16.489,anther contact,Exurban,Andrena,244,11823,
04272022_252_C10_1,397.23,,Rustic Roots,16.489,anther contact,Exurban,Andrena,244,11906,
04272022_252_C10_1,362.062,6.373,Rustic Roots,16.489,head frontal PER,Exurban,Andrena,244,10852,
04272022_252_C10_1,368.435,,Rustic Roots,16.489,head frontal PER,Exurban,Andrena,244,11043,
04272022_252_C10_1,392.492,1.902,Rustic Roots,16.489,head frontal PER,Exurban,Andrena,244,11764,
04272022_252_C10_1,394.394,,Rustic Roots,16.489,head frontal PER,Exurban,Andrena,244,11821,
04272022_252_C10_1,390.857,0.768,Rustic Roots,16.489,head side PER,Exurban,Andrena,244,11715,
04272022_252_C10_1,391.625,,Rustic Roots,16.489,head side PER,Exurban,Andrena,244,11738,
04272022_252_C10_1,356.089,43.343,Rustic Roots,16.489,land,Exurban,Andrena,244,10673,
04272022_252_C10_1,399.432,,Rustic Roots,16.489,leave,Exurban,Andrena,244,11972,
04272022_252_C10_1,386.052,4.805,Rustic Roots,16.489,pollinator combo,Exurban,Andrena,244,11571,
04272022_252_C10_1,390.857,,Rustic Roots,16.489,pollinator combo,Exurban,Andrena,244,11715,
04272022_252_C10_1,368.902,0.3,Rustic Roots,16.489,scraping,Exurban,Andrena,244,11057,
04272022_252_C10_1,369.202,,Rustic Roots,16.489,scraping,Exurban,Andrena,244,11066,
04272022_252_C10_1,370.437,0.066,Rustic Roots,16.489,scraping,Exurban,Andrena,244,11103,
04272022_252_C10_1,370.503,,Rustic Roots,16.489,scraping,Exurban,Andrena,244,11105,
04272022_252_C10_1,379.946,6.106,Rustic Roots,16.489,scraping,Exurban,Andrena,244,11388,
04272022_252_C10_1,386.052,,Rustic Roots,16.489,scraping,Exurban,Andrena,244,11571,
04272022_252_C10_1,356.389,3.604,Rustic Roots,16.489,unclear,Exurban,Andrena,244,10682,
04272022_252_C10_1,359.993,,Rustic Roots,16.489,unclear,Exurban,Andrena,244,10790,
04272022_252_C10_1,370.503,9.41,Rustic Roots,16.489,unclear,Exurban,Andrena,244,11105,
04272022_252_C10_1,379.913,,Rustic Roots,16.489,unclear,Exurban,Andrena,244,11387,
04272022_252_C10_1,1660.325,0.267,Rustic Roots,16.489,anther contact,Exurban,Andrena,245,49761,
04272022_252_C10_1,1660.592,,Rustic Roots,16.489,anther contact,Exurban,Andrena,245,49769,
04272022_252_C10_1,1665.33,0.534,Rustic Roots,16.489,anther contact,Exurban,Andrena,245,49911,
04272022_252_C10_1,1665.864,,Rustic Roots,16.489,anther contact,Exurban,Andrena,245,49927,
04272022_252_C10_1,1667.866,0.601,Rustic Roots,16.489,anther contact,Exurban,Andrena,245,49987,
04272022_252_C10_1,1668.467,,Rustic Roots,16.489,anther contact,Exurban,Andrena,245,50005,
04272022_252_C10_1,1677.075,0.267,Rustic Roots,16.489,anther contact,Exurban,Andrena,245,50263,
04272022_252_C10_1,1677.342,,Rustic Roots,16.489,anther contact,Exurban,Andrena,245,50271,
04272022_252_C10_1,1678.777,0.2,Rustic Roots,16.489,anther contact,Exurban,Andrena,245,50314,
04272022_252_C10_1,1678.977,,Rustic Roots,16.489,anther contact,Exurban,Andrena,245,50320,
04272022_252_C10_1,1660.626,4.671,Rustic Roots,16.489,head frontal PER,Exurban,Andrena,245,49770,
04272022_252_C10_1,1665.297,,Rustic Roots,16.489,head frontal PER,Exurban,Andrena,245,49910,
04272022_252_C10_1,1665.864,1.935,Rustic Roots,16.489,head side PER,Exurban,Andrena,245,49927,
04272022_252_C10_1,1667.799,,Rustic Roots,16.489,head side PER,Exurban,Andrena,245,49985,
04272022_252_C10_1,1677.376,1.401,Rustic Roots,16.489,head side PER,Exurban,Andrena,245,50272,
04272022_252_C10_1,1678.777,,Rustic Roots,16.489,head side PER,Exurban,Andrena,245,50314,
04272022_252_C10_1,1659.124,19.92,Rustic Roots,16.489,land,Exurban,Andrena,245,49725,
04272022_252_C10_1,1679.044,,Rustic Roots,16.489,leave,Exurban,Andrena,245,50322,
04272022_252_C10_1,1668.901,8.174,Rustic Roots,16.489,unclear,Exurban,Andrena,245,50018,
04272022_252_C10_1,1677.075,,Rustic Roots,16.489,unclear,Exurban,Andrena,245,50263,
04272022_252_C10_1,2511.776,1.969,Rustic Roots,16.489,land,Exurban,Andrena,247,75279,landed on petal and did not exhibit any pollen gathering behaviors
04272022_252_C10_1,2513.745,,Rustic Roots,16.489,leave,Exurban,Andrena,247,75338,landed on petal and did not exhibit any pollen gathering behaviors
04272022_252_C10_1,3371.268,0.367,Rustic Roots,16.489,anther contact,Exurban,Andrena,248,101038,
04272022_252_C10_1,3371.635,,Rustic Roots,16.489,anther contact,Exurban,Andrena,248,101049,
04272022_252_C10_1,3376.607,0.8,Rustic Roots,16.489,anther contact,Exurban,Andrena,248,101198,
04272022_252_C10_1,3377.407,,Rustic Roots,16.489,anther contact,Exurban,Andrena,248,101222,
04272022_252_C10_1,3371.635,4.905,Rustic Roots,16.489,head frontal PER,Exurban,Andrena,248,101049,
04272022_252_C10_1,3376.54,,Rustic Roots,16.489,head frontal PER,Exurban,Andrena,248,101196,
04272022_252_C10_1,3378.141,11.278,Rustic Roots,16.489,head side PER,Exurban,Andrena,248,101244,
04272022_252_C10_1,3389.419,,Rustic Roots,16.489,head side PER,Exurban,Andrena,248,101582,
04272022_252_C10_1,3370.334,21.621,Rustic Roots,16.489,land,Exurban,Andrena,248,101010,
04272022_252_C10_1,3391.955,,Rustic Roots,16.489,leave,Exurban,Andrena,248,101658,
04272022_252_C10_1,5309.437,0.267,Rustic Roots,16.489,anther contact,Exurban,Andrena,251,159125,
04272022_252_C10_1,5309.704,,Rustic Roots,16.489,anther contact,Exurban,Andrena,251,159133,
04272022_252_C10_1,5322.25,0.467,Rustic Roots,16.489,anther contact,Exurban,Andrena,251,159509,
04272022_252_C10_1,5322.717,,Rustic Roots,16.489,anther contact,Exurban,Andrena,251,159523,
04272022_252_C10_1,5326.588,0.701,Rustic Roots,16.489,anther contact,Exurban,Andrena,251,159639,
04272022_252_C10_1,5327.289,,Rustic Roots,16.489,anther contact,Exurban,Andrena,251,159660,
04272022_252_C10_1,5317.579,4.638,Rustic Roots,16.489,head frontal PER,Exurban,Andrena,251,159369,
04272022_252_C10_1,5322.217,,Rustic Roots,16.489,head frontal PER,Exurban,Andrena,251,159508,
04272022_252_C10_1,5309.704,7.875,Rustic Roots,16.489,head side PER,Exurban,Andrena,251,159133,
04272022_252_C10_1,5317.579,,Rustic Roots,16.489,head side PER,Exurban,Andrena,251,159369,
04272022_252_C10_1,5322.717,3.737,Rustic Roots,16.489,head side PER,Exurban,Andrena,251,159523,
04272022_252_C10_1,5326.454,,Rustic Roots,16.489,head side PER,Exurban,Andrena,251,159635,
04272022_252_C10_1,5307.269,20.387,Rustic Roots,16.489,land,Exurban,Andrena,251,159060,"long skinny legs, mostly black and not very hairy.. believe to be Megachiladae family? ID help"
04272022_252_C10_1,5327.656,,Rustic Roots,16.489,leave,Exurban,Andrena,251,159671,
04272022_252_C10_1,5310.672,1.535,Rustic Roots,16.489,unclear,Exurban,Andrena,251,159162,
04272022_252_C10_1,5312.207,,Rustic Roots,16.489,unclear,Exurban,Andrena,251,159208,
04292022_116_C6_1,5419.214,0.3,Carondelet,54.085,anther contact,Urban,Andrena,329,162415,
04292022_116_C6_1,5419.514,,Carondelet,54.085,anther contact,Urban,Andrena,329,162424,
04292022_116_C6_1,5420.282,0.5,Carondelet,54.085,anther contact,Urban,Andrena,329,162447,
04292022_116_C6_1,5420.782,,Carondelet,54.085,anther contact,Urban,Andrena,329,162462,
04292022_116_C6_1,5419.514,0.768,Carondelet,54.085,head frontal PER,Urban,Andrena,329,162424,
04292022_116_C6_1,5420.282,,Carondelet,54.085,head frontal PER,Urban,Andrena,329,162447,
04292022_116_C6_1,5418.513,2.302,Carondelet,54.085,land,Urban,Andrena,329,162394,
04292022_116_C6_1,5420.815,,Carondelet,54.085,leave,Urban,Andrena,329,162463,
04292022_116_C6_1,5418.513,0.701,Carondelet,54.085,unclear,Urban,Andrena,329,162394,
04292022_116_C6_1,5419.214,,Carondelet,54.085,unclear,Urban,Andrena,329,162415,
04292022_116_C6_1,5435.797,0.567,Carondelet,54.085,anther contact,Urban,Andrena,330,162912,
04292022_116_C6_1,5436.364,,Carondelet,54.085,anther contact,Urban,Andrena,330,162929,
04292022_116_C6_1,5457.352,1.868,Carondelet,54.085,anther contact,Urban,Andrena,330,163558,
04292022_116_C6_1,5459.22,,Carondelet,54.085,anther contact,Urban,Andrena,330,163614,
04292022_116_C6_1,5462.924,1.602,Carondelet,54.085,anther contact,Urban,Andrena,330,163725,
04292022_116_C6_1,5464.526,,Carondelet,54.085,anther contact,Urban,Andrena,330,163773,
04292022_116_C6_1,5436.364,7.975,Carondelet,54.085,head frontal PER,Urban,Andrena,330,162929,
04292022_116_C6_1,5444.339,,Carondelet,54.085,head frontal PER,Urban,Andrena,330,163168,
04292022_116_C6_1,5461.856,1.068,Carondelet,54.085,head frontal PER,Urban,Andrena,330,163693,
04292022_116_C6_1,5462.924,,Carondelet,54.085,head frontal PER,Urban,Andrena,330,163725,
04292022_116_C6_1,5452.58,4.772,Carondelet,54.085,head side PER,Urban,Andrena,330,163415,
04292022_116_C6_1,5457.352,,Carondelet,54.085,head side PER,Urban,Andrena,330,163558,
04292022_116_C6_1,5434.796,29.796,Carondelet,54.085,land,Urban,Andrena,330,162882,
04292022_116_C6_1,5464.592,,Carondelet,54.085,leave,Urban,Andrena,330,163775,
04292022_116_C6_1,5444.94,7.64,Carondelet,54.085,scraping,Urban,Andrena,330,163186,
04292022_116_C6_1,5452.58,,Carondelet,54.085,scraping,Urban,Andrena,330,163415,
04292022_116_C6_1,5459.22,2.636,Carondelet,54.085,scraping,Urban,Andrena,330,163614,
04292022_116_C6_1,5461.856,,Carondelet,54.085,scraping,Urban,Andrena,330,163693,
04292022_116_C6_1,5965.593,0.701,Carondelet,54.085,anther contact,Urban,Andrena,335,178790,
04292022_116_C6_1,5966.294,,Carondelet,54.085,anther contact,Urban,Andrena,335,178811,
04292022_116_C6_1,5970.798,0.534,Carondelet,54.085,anther contact,Urban,Andrena,335,178946,
04292022_116_C6_1,5971.332,,Carondelet,54.085,anther contact,Urban,Andrena,335,178962,
04292022_116_C6_1,5966.294,4.504,Carondelet,54.085,head frontal PER,Urban,Andrena,335,178811,
04292022_116_C6_1,5970.798,,Carondelet,54.085,head frontal PER,Urban,Andrena,335,178946,
04292022_116_C6_1,5964.358,7.007,Carondelet,54.085,land,Urban,Andrena,335,178753,
04292022_116_C6_1,5971.365,,Carondelet,54.085,leave,Urban,Andrena,335,178963,
04292022_118_C3_1,4205.201,0.2,Carondelet,54.085,anther contact,Urban,Andrena,353,126030,
04292022_118_C3_1,4205.401,,Carondelet,54.085,anther contact,Urban,Andrena,353,126036,
04292022_118_C3_1,4205.802,0.901,Carondelet,54.085,anther contact,Urban,Andrena,353,126048,
04292022_118_C3_1,4206.703,,Carondelet,54.085,anther contact,Urban,Andrena,353,126075,
04292022_118_C3_1,4192.388,14.381,Carondelet,54.085,land,Urban,Andrena,353,125646,
04292022_118_C3_1,4206.769,,Carondelet,54.085,leave,Urban,Andrena,353,126077,
04292022_118_C3_1,4197.694,2.268,Carondelet,54.085,scraping,Urban,Andrena,353,125805,
04292022_118_C3_1,4199.962,,Carondelet,54.085,scraping,Urban,Andrena,353,125873,
04292022_118_C3_1,4200.53,0.433,Carondelet,54.085,scraping,Urban,Andrena,353,125890,
04292022_118_C3_1,4200.963,,Carondelet,54.085,scraping,Urban,Andrena,353,125903,
04292022_118_C3_1,4192.388,5.306,Carondelet,54.085,unclear,Urban,Andrena,353,125646,
04292022_118_C3_1,4197.694,,Carondelet,54.085,unclear,Urban,Andrena,353,125805,
04292022_118_C3_1,4199.962,0.568,Carondelet,54.085,unclear,Urban,Andrena,353,125873,
04292022_118_C3_1,4200.53,,Carondelet,54.085,unclear,Urban,Andrena,353,125890,
04292022_118_C3_1,4200.963,2.837,Carondelet,54.085,unclear,Urban,Andrena,353,125903,
04292022_118_C3_1,4203.8,,Carondelet,54.085,unclear,Urban,Andrena,353,125988,
04292022_118_C3_1,4911.707,0.333,Carondelet,54.085,anther contact,Urban,Andrena,355,147204,
04292022_118_C3_1,4912.04,,Carondelet,54.085,anther contact,Urban,Andrena,355,147214,
04292022_118_C3_1,4919.515,1.034,Carondelet,54.085,anther contact,Urban,Andrena,355,147438,
04292022_118_C3_1,4920.549,,Carondelet,54.085,anther contact,Urban,Andrena,355,147469,
04292022_118_C3_1,4923.385,1.001,Carondelet,54.085,anther contact,Urban,Andrena,355,147554,
04292022_118_C3_1,4924.386,,Carondelet,54.085,anther contact,Urban,Andrena,355,147584,
04292022_118_C3_1,4914.376,0.467,Carondelet,54.085,head frontal PER,Urban,Andrena,355,147284,
04292022_118_C3_1,4914.843,,Carondelet,54.085,head frontal PER,Urban,Andrena,355,147298,
04292022_118_C3_1,4915.277,4.238,Carondelet,54.085,head frontal PER,Urban,Andrena,355,147311,
04292022_118_C3_1,4919.515,,Carondelet,54.085,head frontal PER,Urban,Andrena,355,147438,
04292022_118_C3_1,4920.549,2.836,Carondelet,54.085,head frontal PER,Urban,Andrena,355,147469,
04292022_118_C3_1,4923.385,,Carondelet,54.085,head frontal PER,Urban,Andrena,355,147554,
04292022_118_C3_1,4911.707,15.716,Carondelet,54.085,land,Urban,Andrena,355,147204,
04292022_118_C3_1,4927.423,,Carondelet,54.085,leave,Urban,Andrena,355,147675,
04292022_118_C3_1,4912.04,2.336,Carondelet,54.085,unclear,Urban,Andrena,355,147214,
04292022_118_C3_1,4914.376,,Carondelet,54.085,unclear,Urban,Andrena,355,147284,
04292022_118_C3_1,4914.843,0.434,Carondelet,54.085,unclear,Urban,Andrena,355,147298,
04292022_118_C3_1,4915.277,,Carondelet,54.085,unclear,Urban,Andrena,355,147311,
04292022_118_C3_1,4925.053,2.37,Carondelet,54.085,unclear,Urban,Andrena,355,147604,
04292022_118_C3_1,4927.423,,Carondelet,54.085,unclear,Urban,Andrena,355,147675,
04042022_164_C8_1,3845.675,2.836,Kellogg,57.649,land,Suburban,Apis mellifera,80,115256,lands on back of petal and then leaves shortly after
04042022_164_C8_1,3848.511,,Kellogg,57.649,leave,Suburban,Apis mellifera,80,115341,lands on back of petal and then leaves shortly after
04042022_164_C8_1,6657.384,0.367,Kellogg,57.649,anther contact,Suburban,Apis mellifera,81,199523,listed as solitary bee but it is honey bee
04042022_164_C8_1,6657.751,,Kellogg,57.649,anther contact,Suburban,Apis mellifera,81,199534,listed as solitary bee but it is honey bee
04042022_164_C8_1,6671.632,1.468,Kellogg,57.649,anther contact,Suburban,Apis mellifera,81,199950,listed as solitary bee but it is honey bee
04042022_164_C8_1,6673.1,,Kellogg,57.649,anther contact,Suburban,Apis mellifera,81,199994,listed as solitary bee but it is honey bee
04042022_164_C8_1,6689.65,1.801,Kellogg,57.649,anther contact,Suburban,Apis mellifera,81,200490,listed as solitary bee but it is honey bee
04042022_164_C8_1,6691.451,,Kellogg,57.649,anther contact,Suburban,Apis mellifera,81,200544,listed as solitary bee but it is honey bee
04042022_164_C8_1,6673.1,16.55,Kellogg,57.649,head frontal PER,Suburban,Apis mellifera,81,199994,listed as solitary bee but it is honey bee
04042022_164_C8_1,6689.65,,Kellogg,57.649,head frontal PER,Suburban,Apis mellifera,81,200490,listed as solitary bee but it is honey bee
04042022_164_C8_1,6657.751,13.881,Kellogg,57.649,head side PER,Suburban,Apis mellifera,81,199534,listed as solitary bee but it is honey bee
04042022_164_C8_1,6671.632,,Kellogg,57.649,head side PER,Suburban,Apis mellifera,81,199950,listed as solitary bee but it is honey bee
04042022_164_C8_1,6656.216,35.269,Kellogg,57.649,land,Suburban,Apis mellifera,81,199488,listed as solitary bee but it is honey bee
04042022_164_C8_1,6691.485,,Kellogg,57.649,leave,Suburban,Apis mellifera,81,200545,listed as solitary bee but it is honey bee
04052022_242_C3_1,5047.976,0.334,Rustic Roots,16.489,anther contact,Exurban,Apis mellifera,83,151289,
04052022_242_C3_1,5048.31,,Rustic Roots,16.489,anther contact,Exurban,Apis mellifera,83,151299,
04052022_242_C3_1,5048.81,0.034,Rustic Roots,16.489,anther contact,Exurban,Apis mellifera,83,151314,
04052022_242_C3_1,5048.844,,Rustic Roots,16.489,anther contact,Exurban,Apis mellifera,83,151315,
04052022_242_C3_1,5047.976,0.901,Rustic Roots,16.489,land,Exurban,Apis mellifera,83,151289,
04052022_242_C3_1,5048.877,,Rustic Roots,16.489,leave,Exurban,Apis mellifera,83,151316,
04052022_242_C3_1,5048.31,0.467,Rustic Roots,16.489,rubbing face,Exurban,Apis mellifera,83,151299,
04052022_242_C3_1,5048.777,,Rustic Roots,16.489,rubbing face,Exurban,Apis mellifera,83,151313,
04052022_245_C9_1,5363.191,6.84,Rustic Roots,16.489,land,Exurban,Apis mellifera,84,160736,
04052022_245_C9_1,5370.031,,Rustic Roots,16.489,leave,Exurban,Apis mellifera,84,160941,
04052022_245_C9_1,5363.692,6.306,Rustic Roots,16.489,unclear,Exurban,Apis mellifera,84,160751,
04052022_245_C9_1,5369.998,,Rustic Roots,16.489,unclear,Exurban,Apis mellifera,84,160940,
04052022_245_C9_1,6455.816,0.4,Rustic Roots,16.489,anther contact,Exurban,Apis mellifera,85,193482,
04052022_245_C9_1,6456.216,,Rustic Roots,16.489,anther contact,Exurban,Apis mellifera,85,193494,
04052022_245_C9_1,6457.017,0.601,Rustic Roots,16.489,anther contact,Exurban,Apis mellifera,85,193518,
04052022_245_C9_1,6457.618,,Rustic Roots,16.489,anther contact,Exurban,Apis mellifera,85,193536,
04052022_245_C9_1,6462.556,0.567,Rustic Roots,16.489,anther contact,Exurban,Apis mellifera,85,193684,
04052022_245_C9_1,6463.123,,Rustic Roots,16.489,anther contact,Exurban,Apis mellifera,85,193701,
04052022_245_C9_1,6463.357,0.767,Rustic Roots,16.489,anther contact,Exurban,Apis mellifera,85,193708,
04052022_245_C9_1,6464.124,,Rustic Roots,16.489,anther contact,Exurban,Apis mellifera,85,193731,
04052022_245_C9_1,6469.83,0.567,Rustic Roots,16.489,anther contact,Exurban,Apis mellifera,85,193902,
04052022_245_C9_1,6470.397,,Rustic Roots,16.489,anther contact,Exurban,Apis mellifera,85,193919,
04052022_245_C9_1,6464.391,5.439,Rustic Roots,16.489,body side PER,Exurban,Apis mellifera,85,193739,
04052022_245_C9_1,6469.83,,Rustic Roots,16.489,body side PER,Exurban,Apis mellifera,85,193902,
04052022_245_C9_1,6457.618,4.905,Rustic Roots,16.489,head frontal PER,Exurban,Apis mellifera,85,193536,
04052022_245_C9_1,6462.523,,Rustic Roots,16.489,head frontal PER,Exurban,Apis mellifera,85,193683,
04052022_245_C9_1,6464.124,0.267,Rustic Roots,16.489,head frontal PER,Exurban,Apis mellifera,85,193731,
04052022_245_C9_1,6464.391,,Rustic Roots,16.489,head frontal PER,Exurban,Apis mellifera,85,193739,
04052022_245_C9_1,6455.816,14.615,Rustic Roots,16.489,land,Exurban,Apis mellifera,85,193482,
04052022_245_C9_1,6470.431,,Rustic Roots,16.489,leave,Exurban,Apis mellifera,85,193920,
04052022_245_C9_1,6505.032,0.834,Rustic Roots,16.489,anther contact,Exurban,Apis mellifera,86,194957,
04052022_245_C9_1,6505.866,,Rustic Roots,16.489,anther contact,Exurban,Apis mellifera,86,194982,
04052022_245_C9_1,6507.668,0.2,Rustic Roots,16.489,anther contact,Exurban,Apis mellifera,86,195036,
04052022_245_C9_1,6507.868,,Rustic Roots,16.489,anther contact,Exurban,Apis mellifera,86,195042,
04052022_245_C9_1,6505.866,1.802,Rustic Roots,16.489,head frontal PER,Exurban,Apis mellifera,86,194982,
04052022_245_C9_1,6507.668,,Rustic Roots,16.489,head frontal PER,Exurban,Apis mellifera,86,195036,
04052022_245_C9_1,6505.032,2.869,Rustic Roots,16.489,land,Exurban,Apis mellifera,86,194957,
04052022_245_C9_1,6507.901,,Rustic Roots,16.489,leave,Exurban,Apis mellifera,86,195043,
04052022_245_C9_1,6775.535,0.601,Rustic Roots,16.489,anther contact,Exurban,Apis mellifera,87,203064,
04052022_245_C9_1,6776.136,,Rustic Roots,16.489,anther contact,Exurban,Apis mellifera,87,203082,
04052022_245_C9_1,6779.373,0.267,Rustic Roots,16.489,anther contact,Exurban,Apis mellifera,87,203179,
04052022_245_C9_1,6779.64,,Rustic Roots,16.489,anther contact,Exurban,Apis mellifera,87,203187,
04052022_245_C9_1,6776.136,3.237,Rustic Roots,16.489,head frontal PER,Exurban,Apis mellifera,87,203082,
04052022_245_C9_1,6779.373,,Rustic Roots,16.489,head frontal PER,Exurban,Apis mellifera,87,203179,
04052022_245_C9_1,6775.535,4.138,Rustic Roots,16.489,land,Exurban,Apis mellifera,87,203064,
04052022_245_C9_1,6779.673,,Rustic Roots,16.489,leave,Exurban,Apis mellifera,87,203188,
04052022_245_C9_1,6777.037,0.133,Rustic Roots,16.489,pollinator combo,Exurban,Apis mellifera,87,203109,
04052022_245_C9_1,6777.17,,Rustic Roots,16.489,pollinator combo,Exurban,Apis mellifera,87,203113,
04052022_245_C9_1,6777.571,0.167,Rustic Roots,16.489,pollinator combo,Exurban,Apis mellifera,87,203125,
04052022_245_C9_1,6777.738,,Rustic Roots,16.489,pollinator combo,Exurban,Apis mellifera,87,203130,
04052022_245_C9_1,6778.672,0.067,Rustic Roots,16.489,pollinator combo,Exurban,Apis mellifera,87,203158,
04052022_245_C9_1,6778.739,,Rustic Roots,16.489,pollinator combo,Exurban,Apis mellifera,87,203160,
04052022_247_C1_1,5294.956,0.034,Rustic Roots,16.489,anther contact,Exurban,Apis mellifera,96,158690,"last half of video was ""unclear"" because windy and bee out of frame"
04052022_247_C1_1,5294.99,,Rustic Roots,16.489,anther contact,Exurban,Apis mellifera,96,158691,"last half of video was ""unclear"" because windy and bee out of frame"
04052022_247_C1_1,5327.556,0.233,Rustic Roots,16.489,anther contact,Exurban,Apis mellifera,96,159667,"last half of video was ""unclear"" because windy and bee out of frame"
04052022_247_C1_1,5327.789,,Rustic Roots,16.489,anther contact,Exurban,Apis mellifera,96,159674,"last half of video was ""unclear"" because windy and bee out of frame"
04052022_247_C1_1,5330.025,0.066,Rustic Roots,16.489,anther contact,Exurban,Apis mellifera,96,159741,"last half of video was ""unclear"" because windy and bee out of frame"
04052022_247_C1_1,5330.091,,Rustic Roots,16.489,anther contact,Exurban,Apis mellifera,96,159743,"last half of video was ""unclear"" because windy and bee out of frame"
04052022_247_C1_1,5294.122,46.78,Rustic Roots,16.489,land,Exurban,Apis mellifera,96,158665,"last half of video was ""unclear"" because windy and bee out of frame"
04052022_247_C1_1,5340.902,,Rustic Roots,16.489,leave,Exurban,Apis mellifera,96,160067,"last half of video was ""unclear"" because windy and bee out of frame"
04052022_247_C1_1,5317.445,0.701,Rustic Roots,16.489,rubbing body,Exurban,Apis mellifera,96,159364,"last half of video was ""unclear"" because windy and bee out of frame"
04052022_247_C1_1,5318.146,,Rustic Roots,16.489,rubbing body,Exurban,Apis mellifera,96,159385,"last half of video was ""unclear"" because windy and bee out of frame"
04052022_247_C1_1,5294.99,20.52,Rustic Roots,16.489,scraping,Exurban,Apis mellifera,96,158691,"last half of video was ""unclear"" because windy and bee out of frame"
04052022_247_C1_1,5315.51,,Rustic Roots,16.489,scraping,Exurban,Apis mellifera,96,159306,"last half of video was ""unclear"" because windy and bee out of frame"
04052022_247_C1_1,5316.178,1.267,Rustic Roots,16.489,scraping,Exurban,Apis mellifera,96,159326,"last half of video was ""unclear"" because windy and bee out of frame"
04052022_247_C1_1,5317.445,,Rustic Roots,16.489,scraping,Exurban,Apis mellifera,96,159364,"last half of video was ""unclear"" because windy and bee out of frame"
04052022_247_C1_1,5321.983,2.036,Rustic Roots,16.489,scraping,Exurban,Apis mellifera,96,159500,"last half of video was ""unclear"" because windy and bee out of frame"
04052022_247_C1_1,5324.019,,Rustic Roots,16.489,scraping,Exurban,Apis mellifera,96,159561,"last half of video was ""unclear"" because windy and bee out of frame"
04052022_247_C1_1,5294.122,0.834,Rustic Roots,16.489,unclear,Exurban,Apis mellifera,96,158665,"last half of video was ""unclear"" because windy and bee out of frame"
04052022_247_C1_1,5294.956,,Rustic Roots,16.489,unclear,Exurban,Apis mellifera,96,158690,"last half of video was ""unclear"" because windy and bee out of frame"
04052022_247_C1_1,5315.51,0.668,Rustic Roots,16.489,unclear,Exurban,Apis mellifera,96,159306,"last half of video was ""unclear"" because windy and bee out of frame"
04052022_247_C1_1,5316.178,,Rustic Roots,16.489,unclear,Exurban,Apis mellifera,96,159326,"last half of video was ""unclear"" because windy and bee out of frame"
04052022_247_C1_1,5318.146,3.837,Rustic Roots,16.489,unclear,Exurban,Apis mellifera,96,159385,"last half of video was ""unclear"" because windy and bee out of frame"
04052022_247_C1_1,5321.983,,Rustic Roots,16.489,unclear,Exurban,Apis mellifera,96,159500,"last half of video was ""unclear"" because windy and bee out of frame"
04052022_247_C1_1,5324.019,0.066,Rustic Roots,16.489,unclear,Exurban,Apis mellifera,96,159561,"last half of video was ""unclear"" because windy and bee out of frame"
04052022_247_C1_1,5324.085,,Rustic Roots,16.489,unclear,Exurban,Apis mellifera,96,159563,"last half of video was ""unclear"" because windy and bee out of frame"
04052022_247_C1_1,5324.953,0.934,Rustic Roots,16.489,unclear,Exurban,Apis mellifera,96,159589,"last half of video was ""unclear"" because windy and bee out of frame"
04052022_247_C1_1,5325.887,,Rustic Roots,16.489,unclear,Exurban,Apis mellifera,96,159617,"last half of video was ""unclear"" because windy and bee out of frame"
04052022_247_C1_1,5330.091,10.745,Rustic Roots,16.489,unclear,Exurban,Apis mellifera,96,159743,"last half of video was ""unclear"" because windy and bee out of frame"
04052022_247_C1_1,5340.836,,Rustic Roots,16.489,unclear,Exurban,Apis mellifera,96,160065,"last half of video was ""unclear"" because windy and bee out of frame"
04052022_E36_C8_1,1521.02,0.667,EarthDance,22.573,anther contact,Exurban,Apis mellifera,98,45586,
04052022_E36_C8_1,1521.687,,EarthDance,22.573,anther contact,Exurban,Apis mellifera,98,45606,
04052022_E36_C8_1,1526.558,1.368,EarthDance,22.573,anther contact,Exurban,Apis mellifera,98,45752,
04052022_E36_C8_1,1527.926,,EarthDance,22.573,anther contact,Exurban,Apis mellifera,98,45793,
04052022_E36_C8_1,1521.687,4.838,EarthDance,22.573,head frontal PER,Exurban,Apis mellifera,98,45606,
04052022_E36_C8_1,1526.525,,EarthDance,22.573,head frontal PER,Exurban,Apis mellifera,98,45751,
04052022_E36_C8_1,1521.02,6.94,EarthDance,22.573,land,Exurban,Apis mellifera,98,45586,
04052022_E36_C8_1,1527.96,,EarthDance,22.573,leave,Exurban,Apis mellifera,98,45794,
04052022_E36_C8_2,1584.716,0.568,EarthDance,22.573,anther contact,Exurban,Apis mellifera,99,47495,
04052022_E36_C8_2,1585.284,,EarthDance,22.573,anther contact,Exurban,Apis mellifera,99,47512,
04052022_E36_C8_2,1611.41,0.667,EarthDance,22.573,anther contact,Exurban,Apis mellifera,99,48295,
04052022_E36_C8_2,1612.077,,EarthDance,22.573,anther contact,Exurban,Apis mellifera,99,48315,
04052022_E36_C8_2,1613.278,0.234,EarthDance,22.573,anther contact,Exurban,Apis mellifera,99,48351,
04052022_E36_C8_2,1613.512,,EarthDance,22.573,anther contact,Exurban,Apis mellifera,99,48358,
04052022_E36_C8_2,1618.75,0.201,EarthDance,22.573,anther contact,Exurban,Apis mellifera,99,48515,
04052022_E36_C8_2,1618.951,,EarthDance,22.573,anther contact,Exurban,Apis mellifera,99,48521,
04052022_E36_C8_2,1622.855,0.867,EarthDance,22.573,anther contact,Exurban,Apis mellifera,99,48638,
04052022_E36_C8_2,1623.722,,EarthDance,22.573,anther contact,Exurban,Apis mellifera,99,48664,
04052022_E36_C8_2,1624.923,1.168,EarthDance,22.573,anther contact,Exurban,Apis mellifera,99,48700,
04052022_E36_C8_2,1626.091,,EarthDance,22.573,anther contact,Exurban,Apis mellifera,99,48735,
04052022_E36_C8_2,1630.295,0.734,EarthDance,22.573,anther contact,Exurban,Apis mellifera,99,48861,
04052022_E36_C8_2,1631.029,,EarthDance,22.573,anther contact,Exurban,Apis mellifera,99,48883,
04052022_E36_C8_2,1632.197,1.702,EarthDance,22.573,anther contact,Exurban,Apis mellifera,99,48918,
04052022_E36_C8_2,1633.899,,EarthDance,22.573,anther contact,Exurban,Apis mellifera,99,48969,
04052022_E36_C8_2,1646.612,1.768,EarthDance,22.573,anther contact,Exurban,Apis mellifera,99,49350,
04052022_E36_C8_2,1648.38,,EarthDance,22.573,anther contact,Exurban,Apis mellifera,99,49403,
04052022_E36_C8_2,1618.951,0.367,EarthDance,22.573,body side PER,Exurban,Apis mellifera,99,48521,
04052022_E36_C8_2,1619.318,,EarthDance,22.573,body side PER,Exurban,Apis mellifera,99,48532,
04052022_E36_C8_2,1585.284,26.126,EarthDance,22.573,head frontal PER,Exurban,Apis mellifera,99,47512,
04052022_E36_C8_2,1611.41,,EarthDance,22.573,head frontal PER,Exurban,Apis mellifera,99,48295,
04052022_E36_C8_2,1612.077,1.201,EarthDance,22.573,head frontal PER,Exurban,Apis mellifera,99,48315,
04052022_E36_C8_2,1613.278,,EarthDance,22.573,head frontal PER,Exurban,Apis mellifera,99,48351,
04052022_E36_C8_2,1613.512,5.238,EarthDance,22.573,head frontal PER,Exurban,Apis mellifera,99,48358,
04052022_E36_C8_2,1618.75,,EarthDance,22.573,head frontal PER,Exurban,Apis mellifera,99,48515,
04052022_E36_C8_2,1619.318,3.537,EarthDance,22.573,head frontal PER,Exurban,Apis mellifera,99,48532,
04052022_E36_C8_2,1622.855,,EarthDance,22.573,head frontal PER,Exurban,Apis mellifera,99,48638,
04052022_E36_C8_2,1626.091,4.204,EarthDance,22.573,head frontal PER,Exurban,Apis mellifera,99,48735,
04052022_E36_C8_2,1630.295,,EarthDance,22.573,head frontal PER,Exurban,Apis mellifera,99,48861,
04052022_E36_C8_2,1633.899,12.713,EarthDance,22.573,head frontal PER,Exurban,Apis mellifera,99,48969,
04052022_E36_C8_2,1646.612,,EarthDance,22.573,head frontal PER,Exurban,Apis mellifera,99,49350,
04052022_E36_C8_2,1584.716,63.798,EarthDance,22.573,land,Exurban,Apis mellifera,99,47495,
04052022_E36_C8_2,1648.514,,EarthDance,22.573,leave,Exurban,Apis mellifera,99,49407,
04052022_E87_C6_1,4770.866,0.901,EarthDance,22.573,anther contact,Exurban,Apis mellifera,100,142984,
04052022_E87_C6_1,4771.767,,EarthDance,22.573,anther contact,Exurban,Apis mellifera,100,143011,
04052022_E87_C6_1,4780.075,0.301,EarthDance,22.573,anther contact,Exurban,Apis mellifera,100,143260,
04052022_E87_C6_1,4780.376,,EarthDance,22.573,anther contact,Exurban,Apis mellifera,100,143269,
04052022_E87_C6_1,4771.767,8.275,EarthDance,22.573,body side PER,Exurban,Apis mellifera,100,143011,
04052022_E87_C6_1,4780.042,,EarthDance,22.573,body side PER,Exurban,Apis mellifera,100,143259,
04052022_E87_C6_1,4770.866,9.81,EarthDance,22.573,land,Exurban,Apis mellifera,100,142984,
04052022_E87_C6_1,4780.676,,EarthDance,22.573,leave,Exurban,Apis mellifera,100,143278,
04052022_E87_C6_1,8071.797,0.768,EarthDance,22.573,anther contact,Exurban,Apis mellifera,102,241913,video ends early and abruptly 
04052022_E87_C6_1,8072.565,,EarthDance,22.573,anther contact,Exurban,Apis mellifera,102,241936,video ends early and abruptly 
04052022_E87_C6_1,8072.565,9.98,EarthDance,22.573,body side PER,Exurban,Apis mellifera,102,241936,video ends early and abruptly 
04052022_E87_C6_1,8082.545,,EarthDance,22.573,body side PER,Exurban,Apis mellifera,102,242235,
04052022_E87_C6_1,8068.994,13.551,EarthDance,22.573,land,Exurban,Apis mellifera,102,241829,video ends early and abruptly 
04052022_E87_C6_1,8082.545,,EarthDance,22.573,leave,Exurban,Apis mellifera,102,242235,
04102022_12_C2_1,779.679,0.834,COLA,26.266,anther contact,Exurban,Apis mellifera,104,23368,
04102022_12_C2_1,780.513,,COLA,26.266,anther contact,Exurban,Apis mellifera,104,23393,
04102022_12_C2_1,781.814,1.502,COLA,26.266,anther contact,Exurban,Apis mellifera,104,23432,
04102022_12_C2_1,783.316,,COLA,26.266,anther contact,Exurban,Apis mellifera,104,23477,
04102022_12_C2_1,786.185,1.135,COLA,26.266,anther contact,Exurban,Apis mellifera,104,23563,
04102022_12_C2_1,787.32,,COLA,26.266,anther contact,Exurban,Apis mellifera,104,23597,
04102022_12_C2_1,787.553,0.367,COLA,26.266,anther contact,Exurban,Apis mellifera,104,23604,
04102022_12_C2_1,787.92,,COLA,26.266,anther contact,Exurban,Apis mellifera,104,23615,
04102022_12_C2_1,777.51,1.935,COLA,26.266,head frontal PER,Exurban,Apis mellifera,104,23303,
04102022_12_C2_1,779.445,,COLA,26.266,head frontal PER,Exurban,Apis mellifera,104,23361,
04102022_12_C2_1,780.513,1.268,COLA,26.266,head frontal PER,Exurban,Apis mellifera,104,23393,
04102022_12_C2_1,781.781,,COLA,26.266,head frontal PER,Exurban,Apis mellifera,104,23431,
04102022_12_C2_1,787.32,0.2,COLA,26.266,head frontal PER,Exurban,Apis mellifera,104,23597,
04102022_12_C2_1,787.52,,COLA,26.266,head frontal PER,Exurban,Apis mellifera,104,23603,
04102022_12_C2_1,783.349,2.803,COLA,26.266,head side PER,Exurban,Apis mellifera,104,23478,
04102022_12_C2_1,786.152,,COLA,26.266,head side PER,Exurban,Apis mellifera,104,23562,
04102022_12_C2_1,775.008,12.946,COLA,26.266,land,Exurban,Apis mellifera,104,23228,
04102022_12_C2_1,787.954,,COLA,26.266,leave,Exurban,Apis mellifera,104,23616,
04102022_12_C2_1,775.008,2.502,COLA,26.266,unclear,Exurban,Apis mellifera,104,23228,
04102022_12_C2_1,777.51,,COLA,26.266,unclear,Exurban,Apis mellifera,104,23303,
04102022_12_C2_1,779.479,0.167,COLA,26.266,unclear,Exurban,Apis mellifera,104,23362,
04102022_12_C2_1,779.646,,COLA,26.266,unclear,Exurban,Apis mellifera,104,23367,
04102022_12_C2_2,2377.775,3.037,COLA,26.266,anther contact,Exurban,Apis mellifera,110,71263,
04102022_12_C2_2,2380.812,,COLA,26.266,anther contact,Exurban,Apis mellifera,110,71354,
04102022_12_C2_2,2377.775,3.07,COLA,26.266,land,Exurban,Apis mellifera,110,71263,
04102022_12_C2_2,2380.845,,COLA,26.266,leave,Exurban,Apis mellifera,110,71355,
04102022_12_C2_2,2912.41,0.333,COLA,26.266,anther contact,Exurban,Apis mellifera,111,87286,
04102022_12_C2_2,2912.743,,COLA,26.266,anther contact,Exurban,Apis mellifera,111,87296,
04102022_12_C2_2,2913.944,0.167,COLA,26.266,anther contact,Exurban,Apis mellifera,111,87332,
04102022_12_C2_2,2914.111,,COLA,26.266,anther contact,Exurban,Apis mellifera,111,87337,
04102022_12_C2_2,2914.345,0.133,COLA,26.266,anther contact,Exurban,Apis mellifera,111,87344,
04102022_12_C2_2,2914.478,,COLA,26.266,anther contact,Exurban,Apis mellifera,111,87348,
04102022_12_C2_2,2914.645,0.234,COLA,26.266,anther contact,Exurban,Apis mellifera,111,87353,
04102022_12_C2_2,2914.879,,COLA,26.266,anther contact,Exurban,Apis mellifera,111,87360,
04102022_12_C2_2,2915.012,0.467,COLA,26.266,anther contact,Exurban,Apis mellifera,111,87364,
04102022_12_C2_2,2915.479,,COLA,26.266,anther contact,Exurban,Apis mellifera,111,87378,
04102022_12_C2_2,2926.524,0.5,COLA,26.266,anther contact,Exurban,Apis mellifera,111,87709,
04102022_12_C2_2,2927.024,,COLA,26.266,anther contact,Exurban,Apis mellifera,111,87724,
04102022_12_C2_2,2927.391,0.901,COLA,26.266,anther contact,Exurban,Apis mellifera,111,87735,
04102022_12_C2_2,2928.292,,COLA,26.266,anther contact,Exurban,Apis mellifera,111,87762,
04102022_12_C2_2,2928.359,0.033,COLA,26.266,anther contact,Exurban,Apis mellifera,111,87764,
04102022_12_C2_2,2928.392,,COLA,26.266,anther contact,Exurban,Apis mellifera,111,87765,
04102022_12_C2_2,2912.743,1.201,COLA,26.266,head frontal PER,Exurban,Apis mellifera,111,87296,
04102022_12_C2_2,2913.944,,COLA,26.266,head frontal PER,Exurban,Apis mellifera,111,87332,
04102022_12_C2_2,2915.479,1.235,COLA,26.266,head frontal PER,Exurban,Apis mellifera,111,87378,
04102022_12_C2_2,2916.714,,COLA,26.266,head frontal PER,Exurban,Apis mellifera,111,87415,
04102022_12_C2_2,2919.45,7.074,COLA,26.266,head frontal PER,Exurban,Apis mellifera,111,87497,
04102022_12_C2_2,2926.524,,COLA,26.266,head frontal PER,Exurban,Apis mellifera,111,87709,
04102022_12_C2_2,2928.292,0.067,COLA,26.266,head frontal PER,Exurban,Apis mellifera,111,87762,
04102022_12_C2_2,2928.359,,COLA,26.266,head frontal PER,Exurban,Apis mellifera,111,87764,
04102022_12_C2_2,2912.41,16.016,COLA,26.266,land,Exurban,Apis mellifera,111,87286,
04102022_12_C2_2,2928.426,,COLA,26.266,leave,Exurban,Apis mellifera,111,87766,
04102022_12_C2_2,2914.145,0.2,COLA,26.266,scraping,Exurban,Apis mellifera,111,87338,
04102022_12_C2_2,2914.345,,COLA,26.266,scraping,Exurban,Apis mellifera,111,87344,
04102022_12_C2_2,2914.478,0.167,COLA,26.266,scraping,Exurban,Apis mellifera,111,87348,
04102022_12_C2_2,2914.645,,COLA,26.266,scraping,Exurban,Apis mellifera,111,87353,
04102022_12_C2_2,2914.879,0.133,COLA,26.266,scraping,Exurban,Apis mellifera,111,87360,
04102022_12_C2_2,2915.012,,COLA,26.266,scraping,Exurban,Apis mellifera,111,87364,
04102022_12_C2_2,2916.714,2.703,COLA,26.266,unclear,Exurban,Apis mellifera,111,87415,
04102022_12_C2_2,2919.417,,COLA,26.266,unclear,Exurban,Apis mellifera,111,87496,
04102022_12_C2_2,3925.555,1.902,COLA,26.266,anther contact,Exurban,Apis mellifera,115,117650,
04102022_12_C2_2,3927.457,,COLA,26.266,anther contact,Exurban,Apis mellifera,115,117707,
04102022_12_C2_2,3925.555,1.969,COLA,26.266,land,Exurban,Apis mellifera,115,117650,
04102022_12_C2_2,3927.524,,COLA,26.266,leave,Exurban,Apis mellifera,115,117709,
04102022_9_C7_1,929.195,0.2,COLA,26.266,anther contact,Exurban,Apis mellifera,122,27849,
04102022_9_C7_1,929.395,,COLA,26.266,anther contact,Exurban,Apis mellifera,122,27855,
04102022_9_C7_1,933.633,1.535,COLA,26.266,anther contact,Exurban,Apis mellifera,122,27982,
04102022_9_C7_1,935.168,,COLA,26.266,anther contact,Exurban,Apis mellifera,122,28028,
04102022_9_C7_1,937.236,0.868,COLA,26.266,anther contact,Exurban,Apis mellifera,122,28090,
04102022_9_C7_1,938.104,,COLA,26.266,anther contact,Exurban,Apis mellifera,122,28116,
04102022_9_C7_1,938.304,0.467,COLA,26.266,anther contact,Exurban,Apis mellifera,122,28122,
04102022_9_C7_1,938.771,,COLA,26.266,anther contact,Exurban,Apis mellifera,122,28136,
04102022_9_C7_1,941.574,6.807,COLA,26.266,anther contact,Exurban,Apis mellifera,122,28220,
04102022_9_C7_1,948.381,,COLA,26.266,anther contact,Exurban,Apis mellifera,122,28424,
04102022_9_C7_1,935.168,2.068,COLA,26.266,body side PER,Exurban,Apis mellifera,122,28028,
04102022_9_C7_1,937.236,,COLA,26.266,body side PER,Exurban,Apis mellifera,122,28090,
04102022_9_C7_1,929.395,4.238,COLA,26.266,head frontal PER,Exurban,Apis mellifera,122,27855,
04102022_9_C7_1,933.633,,COLA,26.266,head frontal PER,Exurban,Apis mellifera,122,27982,
04102022_9_C7_1,938.104,0.2,COLA,26.266,head frontal PER,Exurban,Apis mellifera,122,28116,
04102022_9_C7_1,938.304,,COLA,26.266,head frontal PER,Exurban,Apis mellifera,122,28122,
04102022_9_C7_1,938.771,2.77,COLA,26.266,head frontal PER,Exurban,Apis mellifera,122,28136,
04102022_9_C7_1,941.541,,COLA,26.266,head frontal PER,Exurban,Apis mellifera,122,28219,
04102022_9_C7_1,928.928,20.821,COLA,26.266,land,Exurban,Apis mellifera,122,27841,
04102022_9_C7_1,949.749,,COLA,26.266,leave,Exurban,Apis mellifera,122,28465,
04102022_9_C7_1,942.308,7.441,COLA,26.266,unclear,Exurban,Apis mellifera,122,28242,
04102022_9_C7_1,949.749,,COLA,26.266,unclear,Exurban,Apis mellifera,122,28465,
04102022_9_C7_1,973.339,0.167,COLA,26.266,anther contact,Exurban,Apis mellifera,123,29172,
04102022_9_C7_1,973.506,,COLA,26.266,anther contact,Exurban,Apis mellifera,123,29177,
04102022_9_C7_1,973.339,0.2,COLA,26.266,land,Exurban,Apis mellifera,123,29172,
04102022_9_C7_1,973.539,,COLA,26.266,leave,Exurban,Apis mellifera,123,29178,
04102022_9_C7_1,2876.34,0.801,COLA,26.266,anther contact,Exurban,Apis mellifera,124,86205,
04102022_9_C7_1,2877.141,,COLA,26.266,anther contact,Exurban,Apis mellifera,124,86229,
04102022_9_C7_1,2881.011,1.001,COLA,26.266,anther contact,Exurban,Apis mellifera,124,86345,
04102022_9_C7_1,2882.012,,COLA,26.266,anther contact,Exurban,Apis mellifera,124,86375,
04102022_9_C7_1,2884.181,0.434,COLA,26.266,anther contact,Exurban,Apis mellifera,124,86440,
04102022_9_C7_1,2884.615,,COLA,26.266,anther contact,Exurban,Apis mellifera,124,86453,
04102022_9_C7_1,2884.749,1.001,COLA,26.266,anther contact,Exurban,Apis mellifera,124,86457,
04102022_9_C7_1,2885.75,,COLA,26.266,anther contact,Exurban,Apis mellifera,124,86487,
04102022_9_C7_1,2877.141,3.87,COLA,26.266,head frontal PER,Exurban,Apis mellifera,124,86229,
04102022_9_C7_1,2881.011,,COLA,26.266,head frontal PER,Exurban,Apis mellifera,124,86345,
04102022_9_C7_1,2882.012,2.169,COLA,26.266,head frontal PER,Exurban,Apis mellifera,124,86375,
04102022_9_C7_1,2884.181,,COLA,26.266,head frontal PER,Exurban,Apis mellifera,124,86440,
04102022_9_C7_1,2876.34,9.443,COLA,26.266,land,Exurban,Apis mellifera,124,86205,
04102022_9_C7_1,2885.783,,COLA,26.266,leave,Exurban,Apis mellifera,124,86488,
04102022_9_C7_1,2884.615,0.134,COLA,26.266,scraping,Exurban,Apis mellifera,124,86453,
04102022_9_C7_1,2884.749,,COLA,26.266,scraping,Exurban,Apis mellifera,124,86457,
04102022_9_C7_1,3004.502,0.667,COLA,26.266,anther contact,Exurban,Apis mellifera,125,90046,
04102022_9_C7_1,3005.169,,COLA,26.266,anther contact,Exurban,Apis mellifera,125,90066,
04102022_9_C7_1,3005.87,0.033,COLA,26.266,anther contact,Exurban,Apis mellifera,125,90087,
04102022_9_C7_1,3005.903,,COLA,26.266,anther contact,Exurban,Apis mellifera,125,90088,
04102022_9_C7_1,3006.337,0.1,COLA,26.266,anther contact,Exurban,Apis mellifera,125,90101,
04102022_9_C7_1,3006.437,,COLA,26.266,anther contact,Exurban,Apis mellifera,125,90104,
04102022_9_C7_1,3005.169,0.701,COLA,26.266,head frontal PER,Exurban,Apis mellifera,125,90066,
04102022_9_C7_1,3005.87,,COLA,26.266,head frontal PER,Exurban,Apis mellifera,125,90087,
04102022_9_C7_1,3004.502,1.968,COLA,26.266,land,Exurban,Apis mellifera,125,90046,
04102022_9_C7_1,3006.47,,COLA,26.266,leave,Exurban,Apis mellifera,125,90105,
04102022_9_C7_1,3158.522,0.1,COLA,26.266,anther contact,Exurban,Apis mellifera,126,94662,
04102022_9_C7_1,3158.622,,COLA,26.266,anther contact,Exurban,Apis mellifera,126,94665,
04102022_9_C7_1,3159.69,0.434,COLA,26.266,anther contact,Exurban,Apis mellifera,126,94697,
04102022_9_C7_1,3160.124,,COLA,26.266,anther contact,Exurban,Apis mellifera,126,94710,
04102022_9_C7_1,3158.622,1.068,COLA,26.266,head frontal PER,Exurban,Apis mellifera,126,94665,
04102022_9_C7_1,3159.69,,COLA,26.266,head frontal PER,Exurban,Apis mellifera,126,94697,
04102022_9_C7_1,3158.022,4.638,COLA,26.266,land,Exurban,Apis mellifera,126,94647,
04102022_9_C7_1,3162.66,,COLA,26.266,leave,Exurban,Apis mellifera,126,94786,
04102022_9_C7_1,3160.19,2.436,COLA,26.266,unclear,Exurban,Apis mellifera,126,94712,
04102022_9_C7_1,3162.626,,COLA,26.266,unclear,Exurban,Apis mellifera,126,94785,
04102022_9_C7_1,3967.997,0.1,COLA,26.266,anther contact,Exurban,Apis mellifera,127,118921,
04102022_9_C7_1,3968.097,,COLA,26.266,anther contact,Exurban,Apis mellifera,127,118924,
04102022_9_C7_1,3969.499,0.233,COLA,26.266,anther contact,Exurban,Apis mellifera,127,118966,
04102022_9_C7_1,3969.732,,COLA,26.266,anther contact,Exurban,Apis mellifera,127,118973,
04102022_9_C7_1,3970.266,0.167,COLA,26.266,anther contact,Exurban,Apis mellifera,127,118989,
04102022_9_C7_1,3970.433,,COLA,26.266,anther contact,Exurban,Apis mellifera,127,118994,
04102022_9_C7_1,3972.469,0.133,COLA,26.266,anther contact,Exurban,Apis mellifera,127,119055,
04102022_9_C7_1,3972.602,,COLA,26.266,anther contact,Exurban,Apis mellifera,127,119059,
04102022_9_C7_1,3974.137,0.667,COLA,26.266,anther contact,Exurban,Apis mellifera,127,119105,
04102022_9_C7_1,3974.804,,COLA,26.266,anther contact,Exurban,Apis mellifera,127,119125,
04102022_9_C7_1,3982.779,0.2,COLA,26.266,anther contact,Exurban,Apis mellifera,127,119364,
04102022_9_C7_1,3982.979,,COLA,26.266,anther contact,Exurban,Apis mellifera,127,119370,
04102022_9_C7_1,3984.28,0.067,COLA,26.266,anther contact,Exurban,Apis mellifera,127,119409,
04102022_9_C7_1,3984.347,,COLA,26.266,anther contact,Exurban,Apis mellifera,127,119411,
04102022_9_C7_1,3984.881,0.2,COLA,26.266,anther contact,Exurban,Apis mellifera,127,119427,
04102022_9_C7_1,3985.081,,COLA,26.266,anther contact,Exurban,Apis mellifera,127,119433,
04102022_9_C7_1,3985.548,0.034,COLA,26.266,anther contact,Exurban,Apis mellifera,127,119447,
04102022_9_C7_1,3985.582,,COLA,26.266,anther contact,Exurban,Apis mellifera,127,119448,
04102022_9_C7_1,3968.097,1.369,COLA,26.266,head frontal PER,Exurban,Apis mellifera,127,118924,
04102022_9_C7_1,3969.466,,COLA,26.266,head frontal PER,Exurban,Apis mellifera,127,118965,
04102022_9_C7_1,3970.433,2.036,COLA,26.266,head frontal PER,Exurban,Apis mellifera,127,118994,
04102022_9_C7_1,3972.469,,COLA,26.266,head frontal PER,Exurban,Apis mellifera,127,119055,
04102022_9_C7_1,3982.979,1.301,COLA,26.266,head frontal PER,Exurban,Apis mellifera,127,119370,
04102022_9_C7_1,3984.28,,COLA,26.266,head frontal PER,Exurban,Apis mellifera,127,119409,
04102022_9_C7_1,3985.081,0.467,COLA,26.266,head frontal PER,Exurban,Apis mellifera,127,119433,
04102022_9_C7_1,3985.548,,COLA,26.266,head frontal PER,Exurban,Apis mellifera,127,119447,
04102022_9_C7_1,3972.602,1.535,COLA,26.266,head side PER,Exurban,Apis mellifera,127,119059,
04102022_9_C7_1,3974.137,,COLA,26.266,head side PER,Exurban,Apis mellifera,127,119105,
04102022_9_C7_1,3967.997,17.618,COLA,26.266,land,Exurban,Apis mellifera,127,118921,
04102022_9_C7_1,3985.615,,COLA,26.266,leave,Exurban,Apis mellifera,127,119449,
04102022_9_C7_1,3974.804,7.474,COLA,26.266,unclear,Exurban,Apis mellifera,127,119125,
04102022_9_C7_1,3982.278,,COLA,26.266,unclear,Exurban,Apis mellifera,127,119349,
04102022_9_C7_1,6103.531,0.066,COLA,26.266,anther contact,Exurban,Apis mellifera,130,182923,
04102022_9_C7_1,6103.597,,COLA,26.266,anther contact,Exurban,Apis mellifera,130,182925,
04102022_9_C7_1,6105.132,0.201,COLA,26.266,anther contact,Exurban,Apis mellifera,130,182971,
04102022_9_C7_1,6105.333,,COLA,26.266,anther contact,Exurban,Apis mellifera,130,182977,
04102022_9_C7_1,6105.8,0.133,COLA,26.266,anther contact,Exurban,Apis mellifera,130,182991,
04102022_9_C7_1,6105.933,,COLA,26.266,anther contact,Exurban,Apis mellifera,130,182995,
04102022_9_C7_1,6107.234,0.101,COLA,26.266,anther contact,Exurban,Apis mellifera,130,183034,
04102022_9_C7_1,6107.335,,COLA,26.266,anther contact,Exurban,Apis mellifera,130,183037,
04102022_9_C7_1,6107.635,0.3,COLA,26.266,anther contact,Exurban,Apis mellifera,130,183046,
04102022_9_C7_1,6107.935,,COLA,26.266,anther contact,Exurban,Apis mellifera,130,183055,
04102022_9_C7_1,6110.137,0.301,COLA,26.266,anther contact,Exurban,Apis mellifera,130,183121,
04102022_9_C7_1,6110.438,,COLA,26.266,anther contact,Exurban,Apis mellifera,130,183130,
04102022_9_C7_1,6103.597,1.535,COLA,26.266,head frontal PER,Exurban,Apis mellifera,130,182925,
04102022_9_C7_1,6105.132,,COLA,26.266,head frontal PER,Exurban,Apis mellifera,130,182971,
04102022_9_C7_1,6105.933,1.301,COLA,26.266,head frontal PER,Exurban,Apis mellifera,130,182995,
04102022_9_C7_1,6107.234,,COLA,26.266,head frontal PER,Exurban,Apis mellifera,130,183034,
04102022_9_C7_1,6107.935,2.202,COLA,26.266,head frontal PER,Exurban,Apis mellifera,130,183055,
04102022_9_C7_1,6110.137,,COLA,26.266,head frontal PER,Exurban,Apis mellifera,130,183121,
04102022_9_C7_1,6103.531,6.94,COLA,26.266,land,Exurban,Apis mellifera,130,182923,
04102022_9_C7_1,6110.471,,COLA,26.266,leave,Exurban,Apis mellifera,130,183131,
04102022_COLA2_C5_1,3152.149,0.267,COLA,26.266,land,Exurban,Apis mellifera,132,94471,only lands on petals and then leaves
04102022_COLA2_C5_1,3152.416,,COLA,26.266,leave,Exurban,Apis mellifera,132,94479,only lands on petals and then leaves
04102022_COLA2_C5_1,5485.947,0.768,COLA,26.266,anther contact,Exurban,Apis mellifera,133,164415,
04102022_COLA2_C5_1,5486.715,,COLA,26.266,anther contact,Exurban,Apis mellifera,133,164438,
04102022_COLA2_C5_1,5488.883,0.901,COLA,26.266,anther contact,Exurban,Apis mellifera,133,164503,
04102022_COLA2_C5_1,5489.784,,COLA,26.266,anther contact,Exurban,Apis mellifera,133,164530,
04102022_COLA2_C5_1,5486.715,2.168,COLA,26.266,head side PER,Exurban,Apis mellifera,133,164438,
04102022_COLA2_C5_1,5488.883,,COLA,26.266,head side PER,Exurban,Apis mellifera,133,164503,
04102022_COLA2_C5_1,5485.947,3.937,COLA,26.266,land,Exurban,Apis mellifera,133,164415,
04102022_COLA2_C5_1,5489.884,,COLA,26.266,leave,Exurban,Apis mellifera,133,164533,
04122022_124_C9_1,2763.661,0.334,EarthDance,22.573,anther contact,Exurban,Apis mellifera,139,82828,
04122022_124_C9_1,2763.995,,EarthDance,22.573,anther contact,Exurban,Apis mellifera,139,82838,
04122022_124_C9_1,2764.161,0.101,EarthDance,22.573,anther contact,Exurban,Apis mellifera,139,82843,
04122022_124_C9_1,2764.262,,EarthDance,22.573,anther contact,Exurban,Apis mellifera,139,82846,
04122022_124_C9_1,2764.795,0.1,EarthDance,22.573,anther contact,Exurban,Apis mellifera,139,82862,
04122022_124_C9_1,2764.895,,EarthDance,22.573,anther contact,Exurban,Apis mellifera,139,82865,
04122022_124_C9_1,2765.663,0.334,EarthDance,22.573,anther contact,Exurban,Apis mellifera,139,82888,
04122022_124_C9_1,2765.997,,EarthDance,22.573,anther contact,Exurban,Apis mellifera,139,82898,
04122022_124_C9_1,2763.661,2.336,EarthDance,22.573,land,Exurban,Apis mellifera,139,82828,
04122022_124_C9_1,2765.997,,EarthDance,22.573,leave,Exurban,Apis mellifera,139,82898,
04122022_124_C9_1,2763.995,0.166,EarthDance,22.573,rubbing face,Exurban,Apis mellifera,139,82838,
04122022_124_C9_1,2764.161,,EarthDance,22.573,rubbing face,Exurban,Apis mellifera,139,82843,
04122022_124_C9_1,2764.895,0.768,EarthDance,22.573,scraping,Exurban,Apis mellifera,139,82865,
04122022_124_C9_1,2765.663,,EarthDance,22.573,scraping,Exurban,Apis mellifera,139,82888,
04122022_124_C9_1,2764.262,0.533,EarthDance,22.573,unclear,Exurban,Apis mellifera,139,82846,
04122022_124_C9_1,2764.795,,EarthDance,22.573,unclear,Exurban,Apis mellifera,139,82862,
04142022_266_C8_1,6587.815,0.934,Ferguson,21.932,anther contact,Exurban,Apis mellifera,159,197438,
04142022_266_C8_1,6588.749,,Ferguson,21.932,anther contact,Exurban,Apis mellifera,159,197466,
04142022_266_C8_1,6593.087,0.266,Ferguson,21.932,anther contact,Exurban,Apis mellifera,159,197596,
04142022_266_C8_1,6593.353,,Ferguson,21.932,anther contact,Exurban,Apis mellifera,159,197604,
04142022_266_C8_1,6588.749,4.338,Ferguson,21.932,head frontal PER,Exurban,Apis mellifera,159,197466,
04142022_266_C8_1,6593.087,,Ferguson,21.932,head frontal PER,Exurban,Apis mellifera,159,197596,
04142022_266_C8_1,6587.381,6.006,Ferguson,21.932,land,Exurban,Apis mellifera,159,197425,
04142022_266_C8_1,6593.387,,Ferguson,21.932,leave,Exurban,Apis mellifera,159,197605,
04142022_266_C8_1,6602.763,0.6,Ferguson,21.932,anther contact,Exurban,Apis mellifera,160,197886,
04142022_266_C8_1,6603.363,,Ferguson,21.932,anther contact,Exurban,Apis mellifera,160,197904,
04142022_266_C8_1,6602.062,1.301,Ferguson,21.932,land,Exurban,Apis mellifera,160,197865,
04142022_266_C8_1,6603.363,,Ferguson,21.932,leave,Exurban,Apis mellifera,160,197904,
04162022_77_C4_1,1608.44,7.041,Virginia,64.959,land,Urban,Apis mellifera,162,48206,
04162022_77_C4_1,1615.481,,Virginia,64.959,leave,Urban,Apis mellifera,162,48417,
04162022_77_C4_1,1609.675,5.806,Virginia,64.959,unclear,Urban,Apis mellifera,162,48243,
04162022_77_C4_1,1615.481,,Virginia,64.959,unclear,Urban,Apis mellifera,162,48417,
04162022_87_C5_1,6901.128,1.167,Virginia,64.959,land,Urban,Apis mellifera,179,206827,land on flower behind main focus and goes behind petal before leaving
04162022_87_C5_1,6902.295,,Virginia,64.959,leave,Urban,Apis mellifera,179,206862,land on flower behind main focus and goes behind petal before leaving
04162022_87_C5_1,6901.495,0.433,Virginia,64.959,unclear,Urban,Apis mellifera,179,206838,land on flower behind main focus and goes behind petal before leaving
04162022_87_C5_1,6901.928,,Virginia,64.959,unclear,Urban,Apis mellifera,179,206851,land on flower behind main focus and goes behind petal before leaving
04162022_87_C5_1,6972.799,0.2,Virginia,64.959,anther contact,Urban,Apis mellifera,180,208975,leg touches anther before fully landing; crawls out of frame
04162022_87_C5_1,6972.999,,Virginia,64.959,anther contact,Urban,Apis mellifera,180,208981,leg touches anther before fully landing; crawls out of frame
04162022_87_C5_1,6974.167,1.835,Virginia,64.959,anther contact,Urban,Apis mellifera,180,209016,leg touches anther before fully landing; crawls out of frame
04162022_87_C5_1,6976.002,,Virginia,64.959,anther contact,Urban,Apis mellifera,180,209071,leg touches anther before fully landing; crawls out of frame
04162022_87_C5_1,6972.899,3.203,Virginia,64.959,land,Urban,Apis mellifera,180,208978,leg touches anther before fully landing; crawls out of frame
04162022_87_C5_1,6976.102,,Virginia,64.959,leave,Urban,Apis mellifera,180,209074,leg touches anther before fully landing; crawls out of frame
04162022_87_C5_1,6972.999,1.168,Virginia,64.959,unclear,Urban,Apis mellifera,180,208981,leg touches anther before fully landing; crawls out of frame
04162022_87_C5_1,6974.167,,Virginia,64.959,unclear,Urban,Apis mellifera,180,209016,leg touches anther before fully landing; crawls out of frame
04162022_89_C3_1,5301.329,0.835,Virginia,64.959,anther contact,Urban,Apis mellifera,181,158882,
04162022_89_C3_1,5302.164,,Virginia,64.959,anther contact,Urban,Apis mellifera,181,158907,
04162022_89_C3_1,5306.067,0.067,Virginia,64.959,anther contact,Urban,Apis mellifera,181,159024,
04162022_89_C3_1,5306.134,,Virginia,64.959,anther contact,Urban,Apis mellifera,181,159026,
04162022_89_C3_1,5307.169,1.368,Virginia,64.959,anther contact,Urban,Apis mellifera,181,159057,
04162022_89_C3_1,5308.537,,Virginia,64.959,anther contact,Urban,Apis mellifera,181,159098,
04162022_89_C3_1,5308.87,3.07,Virginia,64.959,anther contact,Urban,Apis mellifera,181,159108,
04162022_89_C3_1,5311.94,,Virginia,64.959,anther contact,Urban,Apis mellifera,181,159200,
04162022_89_C3_1,5301.329,10.611,Virginia,64.959,land,Urban,Apis mellifera,181,158882,
04162022_89_C3_1,5311.94,,Virginia,64.959,leave,Urban,Apis mellifera,181,159200,
04162022_89_C3_1,5302.164,3.903,Virginia,64.959,rubbing body,Urban,Apis mellifera,181,158907,
04162022_89_C3_1,5306.067,,Virginia,64.959,rubbing body,Urban,Apis mellifera,181,159024,
04162022_89_C3_1,5308.537,0.333,Virginia,64.959,rubbing body,Urban,Apis mellifera,181,159098,
04162022_89_C3_1,5308.87,,Virginia,64.959,rubbing body,Urban,Apis mellifera,181,159108,
04162022_89_C3_1,5341.703,0.1,Virginia,64.959,anther contact,Urban,Apis mellifera,182,160092,
04162022_89_C3_1,5341.803,,Virginia,64.959,anther contact,Urban,Apis mellifera,182,160095,
04162022_89_C3_1,5342.838,1.101,Virginia,64.959,anther contact,Urban,Apis mellifera,182,160126,
04162022_89_C3_1,5343.939,,Virginia,64.959,anther contact,Urban,Apis mellifera,182,160159,
04162022_89_C3_1,5341.703,2.236,Virginia,64.959,land,Urban,Apis mellifera,182,160092,
04162022_89_C3_1,5343.939,,Virginia,64.959,leave,Urban,Apis mellifera,182,160159,
04162022_89_C3_1,5341.803,1.035,Virginia,64.959,scraping,Urban,Apis mellifera,182,160095,
04162022_89_C3_1,5342.838,,Virginia,64.959,scraping,Urban,Apis mellifera,182,160126,
04162022_89_C3_1,7058.818,0.568,Virginia,64.959,anther contact,Urban,Apis mellifera,184,211554,
04162022_89_C3_1,7059.386,,Virginia,64.959,anther contact,Urban,Apis mellifera,184,211571,
04162022_89_C3_1,7062.689,0.2,Virginia,64.959,anther contact,Urban,Apis mellifera,184,211670,
04162022_89_C3_1,7062.889,,Virginia,64.959,anther contact,Urban,Apis mellifera,184,211676,
04162022_89_C3_1,7058.818,4.071,Virginia,64.959,land,Urban,Apis mellifera,184,211554,
04162022_89_C3_1,7062.889,,Virginia,64.959,leave,Urban,Apis mellifera,184,211676,
04162022_89_C3_1,7059.419,3.27,Virginia,64.959,scraping,Urban,Apis mellifera,184,211572,
04162022_89_C3_1,7062.689,,Virginia,64.959,scraping,Urban,Apis mellifera,184,211670,
04192022_118_C4_1,5169.731,0.434,Carondelet,54.085,anther contact,Urban,Apis mellifera,185,154938,
04192022_118_C4_1,5170.165,,Carondelet,54.085,anther contact,Urban,Apis mellifera,185,154951,
04192022_118_C4_1,5174.936,1.202,Carondelet,54.085,anther contact,Urban,Apis mellifera,185,155094,
04192022_118_C4_1,5176.138,,Carondelet,54.085,anther contact,Urban,Apis mellifera,185,155130,
04192022_118_C4_1,5177.205,0.701,Carondelet,54.085,anther contact,Urban,Apis mellifera,185,155162,
04192022_118_C4_1,5177.906,,Carondelet,54.085,anther contact,Urban,Apis mellifera,185,155183,
04192022_118_C4_1,5180.108,0.1,Carondelet,54.085,anther contact,Urban,Apis mellifera,185,155249,
04192022_118_C4_1,5180.208,,Carondelet,54.085,anther contact,Urban,Apis mellifera,185,155252,
04192022_118_C4_1,5169.731,10.477,Carondelet,54.085,land,Urban,Apis mellifera,185,154938,
04192022_118_C4_1,5180.208,,Carondelet,54.085,leave,Urban,Apis mellifera,185,155252,
04192022_118_C4_1,5170.165,3.103,Carondelet,54.085,scraping,Urban,Apis mellifera,185,154951,
04192022_118_C4_1,5173.268,,Carondelet,54.085,scraping,Urban,Apis mellifera,185,155044,
04192022_118_C4_1,5176.138,1.067,Carondelet,54.085,scraping,Urban,Apis mellifera,185,155130,
04192022_118_C4_1,5177.205,,Carondelet,54.085,scraping,Urban,Apis mellifera,185,155162,
04192022_118_C4_1,5177.906,2.202,Carondelet,54.085,scraping,Urban,Apis mellifera,185,155183,
04192022_118_C4_1,5180.108,,Carondelet,54.085,scraping,Urban,Apis mellifera,185,155249,
04192022_118_C4_1,5173.268,1.668,Carondelet,54.085,unclear,Urban,Apis mellifera,185,155044,
04192022_118_C4_1,5174.936,,Carondelet,54.085,unclear,Urban,Apis mellifera,185,155094,
04192022_118_C4_1,7181.608,0.467,Carondelet,54.085,anther contact,Urban,Apis mellifera,186,215234,
04192022_118_C4_1,7182.075,,Carondelet,54.085,anther contact,Urban,Apis mellifera,186,215248,
04192022_118_C4_1,7182.142,0.1,Carondelet,54.085,anther contact,Urban,Apis mellifera,186,215250,
04192022_118_C4_1,7182.242,,Carondelet,54.085,anther contact,Urban,Apis mellifera,186,215253,
04192022_118_C4_1,7181.608,0.634,Carondelet,54.085,land,Urban,Apis mellifera,186,215234,
04192022_118_C4_1,7182.242,,Carondelet,54.085,leave,Urban,Apis mellifera,186,215253,
04192022_118_C4_1,7182.075,0.067,Carondelet,54.085,rubbing face,Urban,Apis mellifera,186,215248,
04192022_118_C4_1,7182.142,,Carondelet,54.085,rubbing face,Urban,Apis mellifera,186,215250,
04192022_118_C4_1,7572.965,0.701,Carondelet,54.085,anther contact,Urban,Apis mellifera,187,226963,
04192022_118_C4_1,7573.666,,Carondelet,54.085,anther contact,Urban,Apis mellifera,187,226984,
04192022_118_C4_1,7575.034,0.067,Carondelet,54.085,anther contact,Urban,Apis mellifera,187,227025,
04192022_118_C4_1,7575.101,,Carondelet,54.085,anther contact,Urban,Apis mellifera,187,227027,
04192022_118_C4_1,7572.965,2.136,Carondelet,54.085,land,Urban,Apis mellifera,187,226963,
04192022_118_C4_1,7575.101,,Carondelet,54.085,leave,Urban,Apis mellifera,187,227027,
04192022_118_C4_1,7573.666,1.368,Carondelet,54.085,scraping,Urban,Apis mellifera,187,226984,
04192022_118_C4_1,7575.034,,Carondelet,54.085,scraping,Urban,Apis mellifera,187,227025,
04192022_118_C4_1,7997.556,1.368,Carondelet,54.085,anther contact,Urban,Apis mellifera,188,239688,camera index guide has visit listed longer but bee goes out of frame for so long we cannot assume when it comes back in frame that it is the same bee
04192022_118_C4_1,7998.924,,Carondelet,54.085,anther contact,Urban,Apis mellifera,188,239729,camera index guide has visit listed longer but bee goes out of frame for so long we cannot assume when it comes back in frame that it is the same bee
04192022_118_C4_1,7986.312,12.646,Carondelet,54.085,land,Urban,Apis mellifera,188,239351,camera index guide has visit listed longer but bee goes out of frame for so long we cannot assume when it comes back in frame that it is the same bee
04192022_118_C4_1,7998.958,,Carondelet,54.085,leave,Urban,Apis mellifera,188,239730,camera index guide has visit listed longer but bee goes out of frame for so long we cannot assume when it comes back in frame that it is the same bee
04192022_118_C4_1,7986.312,11.244,Carondelet,54.085,unclear,Urban,Apis mellifera,188,239351,camera index guide has visit listed longer but bee goes out of frame for so long we cannot assume when it comes back in frame that it is the same bee
04192022_118_C4_1,7997.556,,Carondelet,54.085,unclear,Urban,Apis mellifera,188,239688,camera index guide has visit listed longer but bee goes out of frame for so long we cannot assume when it comes back in frame that it is the same bee
04192022_185_C6_1,6742.569,0.1,Florissant,38.898,land,Exurban,Apis mellifera,189,202076,"lands on petal for brief moment then leaves, does not touch anthers"
04192022_185_C6_1,6742.669,,Florissant,38.898,leave,Exurban,Apis mellifera,189,202079,"lands on petal for brief moment then leaves, does not touch anthers"
04212022_145_C9_1,4673.502,0.134,HLS,29.329,anther contact,Suburban,Apis mellifera,201,140066,
04212022_145_C9_1,4673.636,,HLS,29.329,anther contact,Suburban,Apis mellifera,201,140070,
04212022_145_C9_1,4675.371,0.133,HLS,29.329,anther contact,Suburban,Apis mellifera,201,140122,
04212022_145_C9_1,4675.504,,HLS,29.329,anther contact,Suburban,Apis mellifera,201,140126,
04212022_145_C9_1,4676.238,0.301,HLS,29.329,anther contact,Suburban,Apis mellifera,201,140148,
04212022_145_C9_1,4676.539,,HLS,29.329,anther contact,Suburban,Apis mellifera,201,140157,
04212022_145_C9_1,4679.808,0.735,HLS,29.329,anther contact,Suburban,Apis mellifera,201,140255,
04212022_145_C9_1,4680.543,,HLS,29.329,anther contact,Suburban,Apis mellifera,201,140277,
04212022_145_C9_1,4673.636,1.735,HLS,29.329,head frontal PER,Suburban,Apis mellifera,201,140070,
04212022_145_C9_1,4675.371,,HLS,29.329,head frontal PER,Suburban,Apis mellifera,201,140122,
04212022_145_C9_1,4676.539,3.269,HLS,29.329,head side PER,Suburban,Apis mellifera,201,140157,
04212022_145_C9_1,4679.808,,HLS,29.329,head side PER,Suburban,Apis mellifera,201,140255,
04212022_145_C9_1,4661.39,19.153,HLS,29.329,land,Suburban,Apis mellifera,201,139703,
04212022_145_C9_1,4680.543,,HLS,29.329,leave,Suburban,Apis mellifera,201,140277,
04212022_145_C9_1,4661.39,12.112,HLS,29.329,unclear,Suburban,Apis mellifera,201,139703,
04212022_145_C9_1,4673.502,,HLS,29.329,unclear,Suburban,Apis mellifera,201,140066,
04212022_145_C9_1,4738.567,0.668,HLS,29.329,anther contact,Suburban,Apis mellifera,202,142016,"camera index has visit listed longer but bee goes out of frame and when it comes back it visits flowers in back, almost out of focus. not sure if we can say its the same bee"
04212022_145_C9_1,4739.235,,HLS,29.329,anther contact,Suburban,Apis mellifera,202,142036,"camera index has visit listed longer but bee goes out of frame and when it comes back it visits flowers in back, almost out of focus. not sure if we can say its the same bee"
04212022_145_C9_1,4741.437,0.167,HLS,29.329,anther contact,Suburban,Apis mellifera,202,142102,"camera index has visit listed longer but bee goes out of frame and when it comes back it visits flowers in back, almost out of focus. not sure if we can say its the same bee"
04212022_145_C9_1,4741.604,,HLS,29.329,anther contact,Suburban,Apis mellifera,202,142107,"camera index has visit listed longer but bee goes out of frame and when it comes back it visits flowers in back, almost out of focus. not sure if we can say its the same bee"
04212022_145_C9_1,4739.235,2.202,HLS,29.329,head frontal PER,Suburban,Apis mellifera,202,142036,"camera index has visit listed longer but bee goes out of frame and when it comes back it visits flowers in back, almost out of focus. not sure if we can say its the same bee"
04212022_145_C9_1,4741.437,,HLS,29.329,head frontal PER,Suburban,Apis mellifera,202,142102,"camera index has visit listed longer but bee goes out of frame and when it comes back it visits flowers in back, almost out of focus. not sure if we can say its the same bee"
04212022_145_C9_1,4738.567,3.137,HLS,29.329,land,Suburban,Apis mellifera,202,142016,"camera index has visit listed longer but bee goes out of frame and when it comes back it visits flowers in back, almost out of focus. not sure if we can say its the same bee"
04212022_145_C9_1,4741.704,,HLS,29.329,leave,Suburban,Apis mellifera,202,142110,"camera index has visit listed longer but bee goes out of frame and when it comes back it visits flowers in back, almost out of focus. not sure if we can say its the same bee"
04212022_145_C9_1,5424.886,0.901,HLS,29.329,land,Suburban,Apis mellifera,204,162585,"crawls into frame then leaves, never touches anthers"
04212022_145_C9_1,5425.787,,HLS,29.329,leave,Suburban,Apis mellifera,204,162612,"crawls into frame then leaves, never touches anthers"
04212022_145_C9_1,6764.791,0.801,HLS,29.329,anther contact,Suburban,Apis mellifera,205,202742,
04212022_145_C9_1,6765.592,,HLS,29.329,anther contact,Suburban,Apis mellifera,205,202766,
04212022_145_C9_1,6772.165,0.901,HLS,29.329,anther contact,Suburban,Apis mellifera,205,202963,
04212022_145_C9_1,6773.066,,HLS,29.329,anther contact,Suburban,Apis mellifera,205,202990,
04212022_145_C9_1,6775.602,0.601,HLS,29.329,anther contact,Suburban,Apis mellifera,205,203066,
04212022_145_C9_1,6776.203,,HLS,29.329,anther contact,Suburban,Apis mellifera,205,203084,
04212022_145_C9_1,6776.303,0.334,HLS,29.329,anther contact,Suburban,Apis mellifera,205,203087,
04212022_145_C9_1,6776.637,,HLS,29.329,anther contact,Suburban,Apis mellifera,205,203097,
04212022_145_C9_1,6760.187,4.604,HLS,29.329,head frontal PER,Suburban,Apis mellifera,205,202604,
04212022_145_C9_1,6764.791,,HLS,29.329,head frontal PER,Suburban,Apis mellifera,205,202742,
04212022_145_C9_1,6770.464,1.701,HLS,29.329,head frontal PER,Suburban,Apis mellifera,205,202912,
04212022_145_C9_1,6772.165,,HLS,29.329,head frontal PER,Suburban,Apis mellifera,205,202963,
04212022_145_C9_1,6773.066,0.201,HLS,29.329,head frontal PER,Suburban,Apis mellifera,205,202990,
04212022_145_C9_1,6773.267,,HLS,29.329,head frontal PER,Suburban,Apis mellifera,205,202996,
04212022_145_C9_1,6773.634,1.968,HLS,29.329,head frontal PER,Suburban,Apis mellifera,205,203007,
04212022_145_C9_1,6775.602,,HLS,29.329,head frontal PER,Suburban,Apis mellifera,205,203066,
04212022_145_C9_1,6759.62,18.184,HLS,29.329,land,Suburban,Apis mellifera,205,202587,
04212022_145_C9_1,6777.804,,HLS,29.329,leave,Suburban,Apis mellifera,205,203132,
04212022_145_C9_1,6773.267,0.367,HLS,29.329,pollinator combo,Suburban,Apis mellifera,205,202996,
04212022_145_C9_1,6773.634,,HLS,29.329,pollinator combo,Suburban,Apis mellifera,205,203007,
04212022_145_C9_1,6776.203,0.1,HLS,29.329,rubbing body,Suburban,Apis mellifera,205,203084,
04212022_145_C9_1,6776.303,,HLS,29.329,rubbing body,Suburban,Apis mellifera,205,203087,
04212022_145_C9_1,6759.62,0.567,HLS,29.329,unclear,Suburban,Apis mellifera,205,202587,
04212022_145_C9_1,6760.187,,HLS,29.329,unclear,Suburban,Apis mellifera,205,202604,
04212022_145_C9_1,6765.993,3.27,HLS,29.329,unclear,Suburban,Apis mellifera,205,202778,
04212022_145_C9_1,6769.263,,HLS,29.329,unclear,Suburban,Apis mellifera,205,202876,
04212022_145_C9_1,6776.67,1.101,HLS,29.329,unclear,Suburban,Apis mellifera,205,203098,
04212022_145_C9_1,6777.771,,HLS,29.329,unclear,Suburban,Apis mellifera,205,203131,
04212022_145_C9_1,6825.719,0.534,HLS,29.329,anther contact,Suburban,Apis mellifera,206,204568,
04212022_145_C9_1,6826.253,,HLS,29.329,anther contact,Suburban,Apis mellifera,206,204584,
04212022_145_C9_1,6827.487,0.201,HLS,29.329,anther contact,Suburban,Apis mellifera,206,204621,
04212022_145_C9_1,6827.688,,HLS,29.329,anther contact,Suburban,Apis mellifera,206,204627,
04212022_145_C9_1,6823.45,2.269,HLS,29.329,head frontal PER,Suburban,Apis mellifera,206,204500,
04212022_145_C9_1,6825.719,,HLS,29.329,head frontal PER,Suburban,Apis mellifera,206,204568,
04212022_145_C9_1,6826.253,1.234,HLS,29.329,head frontal PER,Suburban,Apis mellifera,206,204584,
04212022_145_C9_1,6827.487,,HLS,29.329,head frontal PER,Suburban,Apis mellifera,206,204621,
04212022_145_C9_1,6823.116,4.572,HLS,29.329,land,Suburban,Apis mellifera,206,204490,
04212022_145_C9_1,6827.688,,HLS,29.329,leave,Suburban,Apis mellifera,206,204627,
04212022_148_C4_1,5121.049,0.134,HLS,29.329,anther contact,Suburban,Apis mellifera,208,153479,hard to tell because behind leaf and out of focus
04212022_148_C4_1,5121.183,,HLS,29.329,anther contact,Suburban,Apis mellifera,208,153483,hard to tell because behind leaf and out of focus
04212022_148_C4_1,5123.218,1.468,HLS,29.329,anther contact,Suburban,Apis mellifera,208,153544,hard to tell because behind leaf and out of focus
04212022_148_C4_1,5124.686,,HLS,29.329,anther contact,Suburban,Apis mellifera,208,153588,hard to tell because behind leaf and out of focus
04212022_148_C4_1,5121.183,2.035,HLS,29.329,head frontal PER,Suburban,Apis mellifera,208,153483,hard to tell because behind leaf and out of focus
04212022_148_C4_1,5123.218,,HLS,29.329,head frontal PER,Suburban,Apis mellifera,208,153544,hard to tell because behind leaf and out of focus
04212022_148_C4_1,5114.409,10.277,HLS,29.329,land,Suburban,Apis mellifera,208,153280,hard to tell because behind leaf and out of focus
04212022_148_C4_1,5124.686,,HLS,29.329,leave,Suburban,Apis mellifera,208,153588,hard to tell because behind leaf and out of focus
04212022_148_C4_1,5114.409,6.64,HLS,29.329,unclear,Suburban,Apis mellifera,208,153280,hard to tell because behind leaf and out of focus
04212022_148_C4_1,5121.049,,HLS,29.329,unclear,Suburban,Apis mellifera,208,153479,hard to tell because behind leaf and out of focus
04222022_230_C4_1,351.017,0.234,COLA,26.266,anther contact,Exurban,Apis mellifera,213,10521,
04222022_230_C4_1,351.251,,COLA,26.266,anther contact,Exurban,Apis mellifera,213,10528,
04222022_230_C4_1,352.552,0.467,COLA,26.266,anther contact,Exurban,Apis mellifera,213,10567,
04222022_230_C4_1,353.019,,COLA,26.266,anther contact,Exurban,Apis mellifera,213,10581,
04222022_230_C4_1,351.251,1.301,COLA,26.266,head frontal PER,Exurban,Apis mellifera,213,10528,
04222022_230_C4_1,352.552,,COLA,26.266,head frontal PER,Exurban,Apis mellifera,213,10567,
04222022_230_C4_1,351.017,2.002,COLA,26.266,land,Exurban,Apis mellifera,213,10521,
04222022_230_C4_1,353.019,,COLA,26.266,leave,Exurban,Apis mellifera,213,10581,
04222022_230_C4_1,3031.462,0.167,COLA,26.266,anther contact,Exurban,Apis mellifera,214,90854,
04222022_230_C4_1,3031.629,,COLA,26.266,anther contact,Exurban,Apis mellifera,214,90859,
04222022_230_C4_1,3034.331,0.568,COLA,26.266,anther contact,Exurban,Apis mellifera,214,90940,
04222022_230_C4_1,3034.899,,COLA,26.266,anther contact,Exurban,Apis mellifera,214,90957,
04222022_230_C4_1,3031.629,2.702,COLA,26.266,head frontal PER,Exurban,Apis mellifera,214,90859,
04222022_230_C4_1,3034.331,,COLA,26.266,head frontal PER,Exurban,Apis mellifera,214,90940,
04222022_230_C4_1,3031.462,3.437,COLA,26.266,land,Exurban,Apis mellifera,214,90854,
04222022_230_C4_1,3034.899,,COLA,26.266,leave,Exurban,Apis mellifera,214,90957,
04222022_232_C10_1,4619.014,0.267,COLA,26.266,anther contact,Exurban,Apis mellifera,216,138433,
04222022_232_C10_1,4619.281,,COLA,26.266,anther contact,Exurban,Apis mellifera,216,138441,
04222022_232_C10_1,4619.381,0.067,COLA,26.266,anther contact,Exurban,Apis mellifera,216,138444,
04222022_232_C10_1,4619.448,,COLA,26.266,anther contact,Exurban,Apis mellifera,216,138446,
04222022_232_C10_1,4619.582,0.467,COLA,26.266,anther contact,Exurban,Apis mellifera,216,138450,
04222022_232_C10_1,4620.049,,COLA,26.266,anther contact,Exurban,Apis mellifera,216,138464,
04222022_232_C10_1,4620.216,0.133,COLA,26.266,anther contact,Exurban,Apis mellifera,216,138469,
04222022_232_C10_1,4620.349,,COLA,26.266,anther contact,Exurban,Apis mellifera,216,138473,
04222022_232_C10_1,4613.576,2.769,COLA,26.266,body side PER,Exurban,Apis mellifera,216,138270,
04222022_232_C10_1,4616.345,,COLA,26.266,body side PER,Exurban,Apis mellifera,216,138353,
04222022_232_C10_1,4616.345,2.669,COLA,26.266,head frontal PER,Exurban,Apis mellifera,216,138353,
04222022_232_C10_1,4619.014,,COLA,26.266,head frontal PER,Exurban,Apis mellifera,216,138433,
04222022_232_C10_1,4608.17,13.614,COLA,26.266,land,Exurban,Apis mellifera,216,138108,
04222022_232_C10_1,4621.784,,COLA,26.266,leave,Exurban,Apis mellifera,216,138516,
04222022_232_C10_1,4619.281,0.1,COLA,26.266,rubbing body,Exurban,Apis mellifera,216,138441,
04222022_232_C10_1,4619.381,,COLA,26.266,rubbing body,Exurban,Apis mellifera,216,138444,
04222022_232_C10_1,4619.448,0.134,COLA,26.266,rubbing body,Exurban,Apis mellifera,216,138446,
04222022_232_C10_1,4619.582,,COLA,26.266,rubbing body,Exurban,Apis mellifera,216,138450,
04222022_232_C10_1,4620.049,0.167,COLA,26.266,scraping,Exurban,Apis mellifera,216,138464,
04222022_232_C10_1,4620.216,,COLA,26.266,scraping,Exurban,Apis mellifera,216,138469,
04222022_232_C10_1,4608.604,4.404,COLA,26.266,unclear,Exurban,Apis mellifera,216,138121,
04222022_232_C10_1,4613.008,,COLA,26.266,unclear,Exurban,Apis mellifera,216,138253,
04222022_232_C10_1,4620.549,0.935,COLA,26.266,unclear,Exurban,Apis mellifera,216,138479,
04222022_232_C10_1,4621.484,,COLA,26.266,unclear,Exurban,Apis mellifera,216,138507,
04222022_232_C10_1,6446.507,0.333,COLA,26.266,anther contact,Exurban,Apis mellifera,217,193203,
04222022_232_C10_1,6446.84,,COLA,26.266,anther contact,Exurban,Apis mellifera,217,193213,
04222022_232_C10_1,6448.509,1.268,COLA,26.266,anther contact,Exurban,Apis mellifera,217,193263,
04222022_232_C10_1,6449.777,,COLA,26.266,anther contact,Exurban,Apis mellifera,217,193301,
04222022_232_C10_1,6453.28,0.634,COLA,26.266,anther contact,Exurban,Apis mellifera,217,193406,
04222022_232_C10_1,6453.914,,COLA,26.266,anther contact,Exurban,Apis mellifera,217,193425,
04222022_232_C10_1,6446.84,1.669,COLA,26.266,body side PER,Exurban,Apis mellifera,217,193213,
04222022_232_C10_1,6448.509,,COLA,26.266,body side PER,Exurban,Apis mellifera,217,193263,
04222022_232_C10_1,6445.94,7.974,COLA,26.266,land,Exurban,Apis mellifera,217,193186,
04222022_232_C10_1,6453.914,,COLA,26.266,leave,Exurban,Apis mellifera,217,193425,
04222022_232_C10_1,6450.01,3.27,COLA,26.266,unclear,Exurban,Apis mellifera,217,193308,
04222022_232_C10_1,6453.28,,COLA,26.266,unclear,Exurban,Apis mellifera,217,193406,
04222022_232_C10_1,6833.493,1.302,COLA,26.266,anther contact,Exurban,Apis mellifera,218,204801,
04222022_232_C10_1,6834.795,,COLA,26.266,anther contact,Exurban,Apis mellifera,218,204840,
04222022_232_C10_1,6835.662,0.968,COLA,26.266,anther contact,Exurban,Apis mellifera,218,204866,
04222022_232_C10_1,6836.63,,COLA,26.266,anther contact,Exurban,Apis mellifera,218,204895,
04222022_232_C10_1,6831.525,0.2,COLA,26.266,body side PER,Exurban,Apis mellifera,218,204742,
04222022_232_C10_1,6831.725,,COLA,26.266,body side PER,Exurban,Apis mellifera,218,204748,
04222022_232_C10_1,6831.825,1.602,COLA,26.266,body side PER,Exurban,Apis mellifera,218,204751,
04222022_232_C10_1,6833.427,,COLA,26.266,body side PER,Exurban,Apis mellifera,218,204799,
04222022_232_C10_1,6834.795,0.867,COLA,26.266,head side PER,Exurban,Apis mellifera,218,204840,
04222022_232_C10_1,6835.662,,COLA,26.266,head side PER,Exurban,Apis mellifera,218,204866,
04222022_232_C10_1,6831.058,17.15,COLA,26.266,land,Exurban,Apis mellifera,218,204728,
04222022_232_C10_1,6848.208,,COLA,26.266,leave,Exurban,Apis mellifera,218,205242,
04222022_232_C10_1,6837.197,2.469,COLA,26.266,unclear,Exurban,Apis mellifera,218,204912,
04222022_232_C10_1,6839.666,,COLA,26.266,unclear,Exurban,Apis mellifera,218,204986,
04222022_232_C10_1,6840.534,7.674,COLA,26.266,unclear,Exurban,Apis mellifera,218,205012,
04222022_232_C10_1,6848.208,,COLA,26.266,unclear,Exurban,Apis mellifera,218,205242,
04222022_232_C10_1,7018.211,0.134,COLA,26.266,anther contact,Exurban,Apis mellifera,219,210337,
04222022_232_C10_1,7018.345,,COLA,26.266,anther contact,Exurban,Apis mellifera,219,210341,
04222022_232_C10_1,7021.982,0.667,COLA,26.266,anther contact,Exurban,Apis mellifera,219,210450,
04222022_232_C10_1,7022.649,,COLA,26.266,anther contact,Exurban,Apis mellifera,219,210470,
04222022_232_C10_1,7023.517,0.567,COLA,26.266,anther contact,Exurban,Apis mellifera,219,210496,
04222022_232_C10_1,7024.084,,COLA,26.266,anther contact,Exurban,Apis mellifera,219,210513,
04222022_232_C10_1,7024.718,2.135,COLA,26.266,anther contact,Exurban,Apis mellifera,219,210532,
04222022_232_C10_1,7026.853,,COLA,26.266,anther contact,Exurban,Apis mellifera,219,210596,
04222022_232_C10_1,7027.254,0.367,COLA,26.266,anther contact,Exurban,Apis mellifera,219,210608,
04222022_232_C10_1,7027.621,,COLA,26.266,anther contact,Exurban,Apis mellifera,219,210619,
04222022_232_C10_1,7029.155,0.968,COLA,26.266,anther contact,Exurban,Apis mellifera,219,210665,
04222022_232_C10_1,7030.123,,COLA,26.266,anther contact,Exurban,Apis mellifera,219,210694,
04222022_232_C10_1,7018.345,3.637,COLA,26.266,head frontal PER,Exurban,Apis mellifera,219,210341,
04222022_232_C10_1,7021.982,,COLA,26.266,head frontal PER,Exurban,Apis mellifera,219,210450,
04222022_232_C10_1,7022.649,0.868,COLA,26.266,head side PER,Exurban,Apis mellifera,219,210470,
04222022_232_C10_1,7023.517,,COLA,26.266,head side PER,Exurban,Apis mellifera,219,210496,
04222022_232_C10_1,7024.084,0.6,COLA,26.266,head side PER,Exurban,Apis mellifera,219,210513,
04222022_232_C10_1,7024.684,,COLA,26.266,head side PER,Exurban,Apis mellifera,219,210531,
04222022_232_C10_1,7017.344,12.913,COLA,26.266,land,Exurban,Apis mellifera,219,210311,
04222022_232_C10_1,7030.257,,COLA,26.266,leave,Exurban,Apis mellifera,219,210698,
04222022_232_C10_1,7027.621,1.534,COLA,26.266,unclear,Exurban,Apis mellifera,219,210619,
04222022_232_C10_1,7029.155,,COLA,26.266,unclear,Exurban,Apis mellifera,219,210665,
04232022_15_C8_1,3837.367,0.233,SLU,65.183,anther contact,Urban,Apis mellifera,220,115007,visit is listed longer but bee goes out of frame for a few seconds
04232022_15_C8_1,3837.6,,SLU,65.183,anther contact,Urban,Apis mellifera,220,115014,visit is listed longer but bee goes out of frame for a few seconds
04232022_15_C8_1,3838.201,0.2,SLU,65.183,anther contact,Urban,Apis mellifera,220,115032,visit is listed longer but bee goes out of frame for a few seconds
04232022_15_C8_1,3838.401,,SLU,65.183,anther contact,Urban,Apis mellifera,220,115038,visit is listed longer but bee goes out of frame for a few seconds
04232022_15_C8_1,3849.346,2.469,SLU,65.183,anther contact,Urban,Apis mellifera,220,115366,visit is listed longer but bee goes out of frame for a few seconds
04232022_15_C8_1,3851.815,,SLU,65.183,anther contact,Urban,Apis mellifera,220,115440,visit is listed longer but bee goes out of frame for a few seconds
04232022_15_C8_1,3854.15,0.334,SLU,65.183,anther contact,Urban,Apis mellifera,220,115510,visit is listed longer but bee goes out of frame for a few seconds
04232022_15_C8_1,3854.484,,SLU,65.183,anther contact,Urban,Apis mellifera,220,115520,visit is listed longer but bee goes out of frame for a few seconds
04232022_15_C8_1,3854.918,0.667,SLU,65.183,anther contact,Urban,Apis mellifera,220,115533,visit is listed longer but bee goes out of frame for a few seconds
04232022_15_C8_1,3855.585,,SLU,65.183,anther contact,Urban,Apis mellifera,220,115553,visit is listed longer but bee goes out of frame for a few seconds
04232022_15_C8_1,3856.786,0.234,SLU,65.183,anther contact,Urban,Apis mellifera,220,115589,visit is listed longer but bee goes out of frame for a few seconds
04232022_15_C8_1,3857.02,,SLU,65.183,anther contact,Urban,Apis mellifera,220,115596,visit is listed longer but bee goes out of frame for a few seconds
04232022_15_C8_1,3837.6,0.601,SLU,65.183,head frontal PER,Urban,Apis mellifera,220,115014,visit is listed longer but bee goes out of frame for a few seconds
04232022_15_C8_1,3838.201,,SLU,65.183,head frontal PER,Urban,Apis mellifera,220,115032,visit is listed longer but bee goes out of frame for a few seconds
04232022_15_C8_1,3838.401,10.945,SLU,65.183,head frontal PER,Urban,Apis mellifera,220,115038,visit is listed longer but bee goes out of frame for a few seconds
04232022_15_C8_1,3849.346,,SLU,65.183,head frontal PER,Urban,Apis mellifera,220,115366,visit is listed longer but bee goes out of frame for a few seconds
04232022_15_C8_1,3851.815,2.335,SLU,65.183,head frontal PER,Urban,Apis mellifera,220,115440,visit is listed longer but bee goes out of frame for a few seconds
04232022_15_C8_1,3854.15,,SLU,65.183,head frontal PER,Urban,Apis mellifera,220,115510,visit is listed longer but bee goes out of frame for a few seconds
04232022_15_C8_1,3855.585,1.201,SLU,65.183,head side PER,Urban,Apis mellifera,220,115553,visit is listed longer but bee goes out of frame for a few seconds
04232022_15_C8_1,3856.786,,SLU,65.183,head side PER,Urban,Apis mellifera,220,115589,visit is listed longer but bee goes out of frame for a few seconds
04232022_15_C8_1,3837.367,19.653,SLU,65.183,land,Urban,Apis mellifera,220,115007,visit is listed longer but bee goes out of frame for a few seconds
04232022_15_C8_1,3857.02,,SLU,65.183,leave,Urban,Apis mellifera,220,115596,visit is listed longer but bee goes out of frame for a few seconds
04232022_15_C8_1,5141.169,5.94,SLU,65.183,land,Urban,Apis mellifera,221,154082,bee does not touch anthers
04232022_15_C8_1,5147.109,,SLU,65.183,leave,Urban,Apis mellifera,221,154260,bee does not touch anthers
04232022_17_C1_1,2396.227,0.1,SLU,65.183,anther contact,Urban,Apis mellifera,223,71816,
04232022_17_C1_1,2396.327,,SLU,65.183,anther contact,Urban,Apis mellifera,223,71819,
04232022_17_C1_1,2401.566,0.867,SLU,65.183,anther contact,Urban,Apis mellifera,223,71976,
04232022_17_C1_1,2402.433,,SLU,65.183,anther contact,Urban,Apis mellifera,223,72002,
04232022_17_C1_1,2396.327,5.239,SLU,65.183,head side PER,Urban,Apis mellifera,223,71819,
04232022_17_C1_1,2401.566,,SLU,65.183,head side PER,Urban,Apis mellifera,223,71976,
04232022_17_C1_1,2395.86,6.573,SLU,65.183,land,Urban,Apis mellifera,223,71805,
04232022_17_C1_1,2402.433,,SLU,65.183,leave,Urban,Apis mellifera,223,72002,
04232022_17_C1_1,2413.011,1.034,SLU,65.183,anther contact,Urban,Apis mellifera,224,72319,
04232022_17_C1_1,2414.045,,SLU,65.183,anther contact,Urban,Apis mellifera,224,72350,
04232022_17_C1_1,2418.816,0.401,SLU,65.183,anther contact,Urban,Apis mellifera,224,72493,
04232022_17_C1_1,2419.217,,SLU,65.183,anther contact,Urban,Apis mellifera,224,72505,
04232022_17_C1_1,2426.491,0.467,SLU,65.183,anther contact,Urban,Apis mellifera,224,72723,
04232022_17_C1_1,2426.958,,SLU,65.183,anther contact,Urban,Apis mellifera,224,72737,
04232022_17_C1_1,2430.628,0.467,SLU,65.183,anther contact,Urban,Apis mellifera,224,72847,
04232022_17_C1_1,2431.095,,SLU,65.183,anther contact,Urban,Apis mellifera,224,72861,
04232022_17_C1_1,2415.313,3.503,SLU,65.183,body side PER,Urban,Apis mellifera,224,72388,
04232022_17_C1_1,2418.816,,SLU,65.183,body side PER,Urban,Apis mellifera,224,72493,
04232022_17_C1_1,2420.418,6.073,SLU,65.183,head frontal PER,Urban,Apis mellifera,224,72541,
04232022_17_C1_1,2426.491,,SLU,65.183,head frontal PER,Urban,Apis mellifera,224,72723,
04232022_17_C1_1,2426.958,3.67,SLU,65.183,head frontal PER,Urban,Apis mellifera,224,72737,
04232022_17_C1_1,2430.628,,SLU,65.183,head frontal PER,Urban,Apis mellifera,224,72847,
04232022_17_C1_1,2413.011,18.084,SLU,65.183,land,Urban,Apis mellifera,224,72319,
04232022_17_C1_1,2431.095,,SLU,65.183,leave,Urban,Apis mellifera,224,72861,
04232022_17_C1_1,4009.272,0.567,SLU,65.183,anther contact,Urban,Apis mellifera,225,120158,
04232022_17_C1_1,4009.839,,SLU,65.183,anther contact,Urban,Apis mellifera,225,120175,
04232022_17_C1_1,4014.143,0.568,SLU,65.183,anther contact,Urban,Apis mellifera,225,120304,
04232022_17_C1_1,4014.711,,SLU,65.183,anther contact,Urban,Apis mellifera,225,120321,
04232022_17_C1_1,4018.214,0.1,SLU,65.183,anther contact,Urban,Apis mellifera,225,120426,
04232022_17_C1_1,4018.314,,SLU,65.183,anther contact,Urban,Apis mellifera,225,120429,
04232022_17_C1_1,4008.805,0.467,SLU,65.183,body side PER,Urban,Apis mellifera,225,120144,
04232022_17_C1_1,4009.272,,SLU,65.183,body side PER,Urban,Apis mellifera,225,120158,
04232022_17_C1_1,4009.839,4.304,SLU,65.183,head frontal PER,Urban,Apis mellifera,225,120175,
04232022_17_C1_1,4014.143,,SLU,65.183,head frontal PER,Urban,Apis mellifera,225,120304,
04232022_17_C1_1,4017.18,1.034,SLU,65.183,head frontal PER,Urban,Apis mellifera,225,120395,
04232022_17_C1_1,4018.214,,SLU,65.183,head frontal PER,Urban,Apis mellifera,225,120426,
04232022_17_C1_1,4003.967,14.414,SLU,65.183,land,Urban,Apis mellifera,225,119999,
04232022_17_C1_1,4018.381,,SLU,65.183,leave,Urban,Apis mellifera,225,120431,
04232022_17_C1_1,4004.901,3.303,SLU,65.183,unclear,Urban,Apis mellifera,225,120027,
04232022_17_C1_1,4008.204,,SLU,65.183,unclear,Urban,Apis mellifera,225,120126,
04232022_18_C3_1,1908.44,0.3,SLU,65.183,anther contact,Urban,Apis mellifera,229,57197,
04232022_18_C3_1,1908.74,,SLU,65.183,anther contact,Urban,Apis mellifera,229,57206,
04232022_18_C3_1,1914.713,1.368,SLU,65.183,anther contact,Urban,Apis mellifera,229,57385,
04232022_18_C3_1,1916.081,,SLU,65.183,anther contact,Urban,Apis mellifera,229,57426,
04232022_18_C3_1,1902.734,0.934,SLU,65.183,body side PER,Urban,Apis mellifera,229,57026,
04232022_18_C3_1,1903.668,,SLU,65.183,body side PER,Urban,Apis mellifera,229,57054,
04232022_18_C3_1,1903.668,4.772,SLU,65.183,head side PER,Urban,Apis mellifera,229,57054,
04232022_18_C3_1,1908.44,,SLU,65.183,head side PER,Urban,Apis mellifera,229,57197,
04232022_18_C3_1,1909.241,5.438,SLU,65.183,head side PER,Urban,Apis mellifera,229,57221,
04232022_18_C3_1,1914.679,,SLU,65.183,head side PER,Urban,Apis mellifera,229,57384,
04232022_18_C3_1,1901.833,14.815,SLU,65.183,land,Urban,Apis mellifera,229,56999,
04232022_18_C3_1,1916.648,,SLU,65.183,leave,Urban,Apis mellifera,229,57443,
04232022_18_C3_1,1908.774,0.467,SLU,65.183,scraping,Urban,Apis mellifera,229,57207,
04232022_18_C3_1,1909.241,,SLU,65.183,scraping,Urban,Apis mellifera,229,57221,
04232022_18_C3_1,2208.073,0.8,SLU,65.183,anther contact,Urban,Apis mellifera,230,66177,
04232022_18_C3_1,2208.873,,SLU,65.183,anther contact,Urban,Apis mellifera,230,66201,
04232022_18_C3_1,2215.213,0.634,SLU,65.183,anther contact,Urban,Apis mellifera,230,66391,
04232022_18_C3_1,2215.847,,SLU,65.183,anther contact,Urban,Apis mellifera,230,66410,
04232022_18_C3_1,2231.529,1.302,SLU,65.183,anther contact,Urban,Apis mellifera,230,66880,
04232022_18_C3_1,2232.831,,SLU,65.183,anther contact,Urban,Apis mellifera,230,66919,
04232022_18_C3_1,2233.064,0.3,SLU,65.183,anther contact,Urban,Apis mellifera,230,66926,
04232022_18_C3_1,2233.364,,SLU,65.183,anther contact,Urban,Apis mellifera,230,66935,
04232022_18_C3_1,2227.625,0.401,SLU,65.183,body side PER,Urban,Apis mellifera,230,66763,
04232022_18_C3_1,2228.026,,SLU,65.183,body side PER,Urban,Apis mellifera,230,66775,
04232022_18_C3_1,2217.048,6.306,SLU,65.183,head frontal PER,Urban,Apis mellifera,230,66446,
04232022_18_C3_1,2223.354,,SLU,65.183,head frontal PER,Urban,Apis mellifera,230,66635,
04232022_18_C3_1,2228.059,3.404,SLU,65.183,head frontal PER,Urban,Apis mellifera,230,66776,
04232022_18_C3_1,2231.463,,SLU,65.183,head frontal PER,Urban,Apis mellifera,230,66878,
04232022_18_C3_1,2208.907,2.636,SLU,65.183,head side PER,Urban,Apis mellifera,230,66202,
04232022_18_C3_1,2211.543,,SLU,65.183,head side PER,Urban,Apis mellifera,230,66281,
04232022_18_C3_1,2223.455,1.234,SLU,65.183,head side PER,Urban,Apis mellifera,230,66638,
04232022_18_C3_1,2224.689,,SLU,65.183,head side PER,Urban,Apis mellifera,230,66675,
04232022_18_C3_1,2208.073,25.659,SLU,65.183,land,Urban,Apis mellifera,230,66177,
04232022_18_C3_1,2233.732,,SLU,65.183,leave,Urban,Apis mellifera,230,66946,
04232022_18_C3_1,2232.864,0.167,SLU,65.183,rubbing body,Urban,Apis mellifera,230,66920,
04232022_18_C3_1,2233.031,,SLU,65.183,rubbing body,Urban,Apis mellifera,230,66925,
04232022_18_C3_1,2211.576,3.637,SLU,65.183,unclear,Urban,Apis mellifera,230,66282,
04232022_18_C3_1,2215.213,,SLU,65.183,unclear,Urban,Apis mellifera,230,66391,
04232022_18_C3_1,2215.88,1.168,SLU,65.183,unclear,Urban,Apis mellifera,230,66411,
04232022_18_C3_1,2217.048,,SLU,65.183,unclear,Urban,Apis mellifera,230,66446,
04232022_18_C3_1,3857.687,0.534,SLU,65.183,anther contact,Urban,Apis mellifera,232,115616,
04232022_18_C3_1,3858.221,,SLU,65.183,anther contact,Urban,Apis mellifera,232,115632,
04232022_18_C3_1,3861.391,0.2,SLU,65.183,anther contact,Urban,Apis mellifera,232,115727,
04232022_18_C3_1,3861.591,,SLU,65.183,anther contact,Urban,Apis mellifera,232,115733,
04232022_18_C3_1,3857.454,0.233,SLU,65.183,head frontal PER,Urban,Apis mellifera,232,115609,
04232022_18_C3_1,3857.687,,SLU,65.183,head frontal PER,Urban,Apis mellifera,232,115616,
04232022_18_C3_1,3858.254,3.137,SLU,65.183,head frontal PER,Urban,Apis mellifera,232,115633,
04232022_18_C3_1,3861.391,,SLU,65.183,head frontal PER,Urban,Apis mellifera,232,115727,
04232022_18_C3_1,3857.187,4.437,SLU,65.183,land,Urban,Apis mellifera,232,115601,
04232022_18_C3_1,3861.624,,SLU,65.183,leave,Urban,Apis mellifera,232,115734,
04232022_18_C3_1,4015.011,0.2,SLU,65.183,anther contact,Urban,Apis mellifera,233,120331,
04232022_18_C3_1,4015.211,,SLU,65.183,anther contact,Urban,Apis mellifera,233,120337,
04232022_18_C3_1,4017.814,0.067,SLU,65.183,anther contact,Urban,Apis mellifera,233,120415,
04232022_18_C3_1,4017.881,,SLU,65.183,anther contact,Urban,Apis mellifera,233,120417,
04232022_18_C3_1,4020.083,0.333,SLU,65.183,anther contact,Urban,Apis mellifera,233,120483,
04232022_18_C3_1,4020.416,,SLU,65.183,anther contact,Urban,Apis mellifera,233,120493,
04232022_18_C3_1,4024.32,0.334,SLU,65.183,anther contact,Urban,Apis mellifera,233,120610,
04232022_18_C3_1,4024.654,,SLU,65.183,anther contact,Urban,Apis mellifera,233,120620,
04232022_18_C3_1,4026.389,0.033,SLU,65.183,anther contact,Urban,Apis mellifera,233,120672,
04232022_18_C3_1,4026.422,,SLU,65.183,anther contact,Urban,Apis mellifera,233,120673,
04232022_18_C3_1,4015.245,2.569,SLU,65.183,head frontal PER,Urban,Apis mellifera,233,120338,
04232022_18_C3_1,4017.814,,SLU,65.183,head frontal PER,Urban,Apis mellifera,233,120415,
04232022_18_C3_1,4024.687,1.669,SLU,65.183,head frontal PER,Urban,Apis mellifera,233,120621,
04232022_18_C3_1,4026.356,,SLU,65.183,head frontal PER,Urban,Apis mellifera,233,120671,
04232022_18_C3_1,4015.011,11.445,SLU,65.183,land,Urban,Apis mellifera,233,120331,
04232022_18_C3_1,4026.456,,SLU,65.183,leave,Urban,Apis mellifera,233,120674,
04232022_18_C3_1,6168.963,0.6,SLU,65.183,anther contact,Urban,Apis mellifera,234,184885,
04232022_18_C3_1,6169.563,,SLU,65.183,anther contact,Urban,Apis mellifera,234,184903,
04232022_18_C3_1,6174.502,0.6,SLU,65.183,anther contact,Urban,Apis mellifera,234,185051,
04232022_18_C3_1,6175.102,,SLU,65.183,anther contact,Urban,Apis mellifera,234,185069,
04232022_18_C3_1,6169.597,4.871,SLU,65.183,head frontal PER,Urban,Apis mellifera,234,184904,
04232022_18_C3_1,6174.468,,SLU,65.183,head frontal PER,Urban,Apis mellifera,234,185050,
04232022_18_C3_1,6168.963,6.173,SLU,65.183,land,Urban,Apis mellifera,234,184885,
04232022_18_C3_1,6175.136,,SLU,65.183,leave,Urban,Apis mellifera,234,185070,
04232022_18_C3_1,6206.534,0.567,SLU,65.183,anther contact,Urban,Apis mellifera,235,186011,
04232022_18_C3_1,6207.101,,SLU,65.183,anther contact,Urban,Apis mellifera,235,186028,
04232022_18_C3_1,6208.769,0.034,SLU,65.183,anther contact,Urban,Apis mellifera,235,186078,
04232022_18_C3_1,6208.803,,SLU,65.183,anther contact,Urban,Apis mellifera,235,186079,
04232022_18_C3_1,6207.101,1.668,SLU,65.183,head frontal PER,Urban,Apis mellifera,235,186028,
04232022_18_C3_1,6208.769,,SLU,65.183,head frontal PER,Urban,Apis mellifera,235,186078,
04232022_18_C3_1,6206.534,2.302,SLU,65.183,land,Urban,Apis mellifera,235,186011,
04232022_18_C3_1,6208.836,,SLU,65.183,leave,Urban,Apis mellifera,235,186080,
04232022_18_C3_1,7250.143,0.167,SLU,65.183,anther contact,Urban,Apis mellifera,236,217288,
04232022_18_C3_1,7250.31,,SLU,65.183,anther contact,Urban,Apis mellifera,236,217293,
04232022_18_C3_1,7253.913,0.167,SLU,65.183,anther contact,Urban,Apis mellifera,236,217401,
04232022_18_C3_1,7254.08,,SLU,65.183,anther contact,Urban,Apis mellifera,236,217406,
04232022_18_C3_1,7254.514,0.634,SLU,65.183,anther contact,Urban,Apis mellifera,236,217419,
04232022_18_C3_1,7255.148,,SLU,65.183,anther contact,Urban,Apis mellifera,236,217438,
04232022_18_C3_1,7258.318,0.901,SLU,65.183,anther contact,Urban,Apis mellifera,236,217533,
04232022_18_C3_1,7259.219,,SLU,65.183,anther contact,Urban,Apis mellifera,236,217560,
04232022_18_C3_1,7255.148,3.136,SLU,65.183,head frontal PER,Urban,Apis mellifera,236,217438,
04232022_18_C3_1,7258.284,,SLU,65.183,head frontal PER,Urban,Apis mellifera,236,217532,
04232022_18_C3_1,7250.31,3.57,SLU,65.183,head side PER,Urban,Apis mellifera,236,217293,
04232022_18_C3_1,7253.88,,SLU,65.183,head side PER,Urban,Apis mellifera,236,217400,
04232022_18_C3_1,7250.143,10.677,SLU,65.183,land,Urban,Apis mellifera,236,217288,
04232022_18_C3_1,7260.82,,SLU,65.183,leave,Urban,Apis mellifera,236,217608,
04232022_28_C10_1,2885.516,0.1,SLU,65.183,anther contact,Urban,Apis mellifera,237,86480,
04232022_28_C10_1,2885.616,,SLU,65.183,anther contact,Urban,Apis mellifera,237,86483,
04232022_28_C10_1,2885.75,0.2,SLU,65.183,anther contact,Urban,Apis mellifera,237,86487,
04232022_28_C10_1,2885.95,,SLU,65.183,anther contact,Urban,Apis mellifera,237,86493,
04232022_28_C10_1,2886.784,0.5,SLU,65.183,anther contact,Urban,Apis mellifera,237,86518,
04232022_28_C10_1,2887.284,,SLU,65.183,anther contact,Urban,Apis mellifera,237,86533,
04232022_28_C10_1,2889.82,0.234,SLU,65.183,anther contact,Urban,Apis mellifera,237,86609,
04232022_28_C10_1,2890.054,,SLU,65.183,anther contact,Urban,Apis mellifera,237,86616,
04232022_28_C10_1,2890.187,0.201,SLU,65.183,anther contact,Urban,Apis mellifera,237,86620,
04232022_28_C10_1,2890.388,,SLU,65.183,anther contact,Urban,Apis mellifera,237,86626,
04232022_28_C10_1,2887.284,2.536,SLU,65.183,head frontal PER,Urban,Apis mellifera,237,86533,
04232022_28_C10_1,2889.82,,SLU,65.183,head frontal PER,Urban,Apis mellifera,237,86609,
04232022_28_C10_1,2885.516,4.872,SLU,65.183,land,Urban,Apis mellifera,237,86480,
04232022_28_C10_1,2890.388,,SLU,65.183,leave,Urban,Apis mellifera,237,86626,
04232022_28_C10_1,2890.054,0.133,SLU,65.183,scraping,Urban,Apis mellifera,237,86616,
04232022_28_C10_1,2890.187,,SLU,65.183,scraping,Urban,Apis mellifera,237,86620,
04232022_28_C10_1,5910.571,0.968,SLU,65.183,anther contact,Urban,Apis mellifera,238,177140,
04232022_28_C10_1,5911.539,,SLU,65.183,anther contact,Urban,Apis mellifera,238,177169,
04232022_28_C10_1,5913.341,0.233,SLU,65.183,anther contact,Urban,Apis mellifera,238,177223,
04232022_28_C10_1,5913.574,,SLU,65.183,anther contact,Urban,Apis mellifera,238,177230,
04232022_28_C10_1,5911.539,1.802,SLU,65.183,head frontal PER,Urban,Apis mellifera,238,177169,
04232022_28_C10_1,5913.341,,SLU,65.183,head frontal PER,Urban,Apis mellifera,238,177223,
04232022_28_C10_1,5910.571,3.003,SLU,65.183,land,Urban,Apis mellifera,238,177140,
04232022_28_C10_1,5913.574,,SLU,65.183,leave,Urban,Apis mellifera,238,177230,
04232022_28_C10_1,7096.056,0.567,SLU,65.183,anther contact,Urban,Apis mellifera,239,212669,
04232022_28_C10_1,7096.623,,SLU,65.183,anther contact,Urban,Apis mellifera,239,212686,
04232022_28_C10_1,7102.329,0.367,SLU,65.183,anther contact,Urban,Apis mellifera,239,212857,
04232022_28_C10_1,7102.696,,SLU,65.183,anther contact,Urban,Apis mellifera,239,212868,
04232022_28_C10_1,7103.563,0.601,SLU,65.183,anther contact,Urban,Apis mellifera,239,212894,
04232022_28_C10_1,7104.164,,SLU,65.183,anther contact,Urban,Apis mellifera,239,212912,
04232022_28_C10_1,7107.834,0.634,SLU,65.183,anther contact,Urban,Apis mellifera,239,213022,
04232022_28_C10_1,7108.468,,SLU,65.183,anther contact,Urban,Apis mellifera,239,213041,
04232022_28_C10_1,7111.071,0.867,SLU,65.183,anther contact,Urban,Apis mellifera,239,213119,
04232022_28_C10_1,7111.938,,SLU,65.183,anther contact,Urban,Apis mellifera,239,213145,
04232022_28_C10_1,7096.623,5.706,SLU,65.183,head frontal PER,Urban,Apis mellifera,239,212686,
04232022_28_C10_1,7102.329,,SLU,65.183,head frontal PER,Urban,Apis mellifera,239,212857,
04232022_28_C10_1,7104.164,3.67,SLU,65.183,head frontal PER,Urban,Apis mellifera,239,212912,
04232022_28_C10_1,7107.834,,SLU,65.183,head frontal PER,Urban,Apis mellifera,239,213022,
04232022_28_C10_1,7108.468,2.603,SLU,65.183,head frontal PER,Urban,Apis mellifera,239,213041,
04232022_28_C10_1,7111.071,,SLU,65.183,head frontal PER,Urban,Apis mellifera,239,213119,
04232022_28_C10_1,7095.956,15.982,SLU,65.183,land,Urban,Apis mellifera,239,212666,
04232022_28_C10_1,7111.938,,SLU,65.183,leave,Urban,Apis mellifera,239,213145,
04272022_252_C10_1,4988.217,10.41,Rustic Roots,16.489,land,Exurban,Apis mellifera,249,149498,
04272022_252_C10_1,4998.627,,Rustic Roots,16.489,leave,Exurban,Apis mellifera,249,149810,
04272022_252_C10_1,4990.786,6.073,Rustic Roots,16.489,unclear,Exurban,Apis mellifera,249,149575,looked like nectar drinking but behind petal so couldnt really tell
04272022_252_C10_1,4996.859,,Rustic Roots,16.489,unclear,Exurban,Apis mellifera,249,149757,looked like nectar drinking but behind petal so couldnt really tell
04272022_89_C9_2,864.964,0.768,Virginia,64.959,anther contact,Urban,Apis mellifera,264,25924,
04272022_89_C9_2,865.732,,Virginia,64.959,anther contact,Urban,Apis mellifera,264,25947,
04272022_89_C9_2,856.456,7.941,Virginia,64.959,head frontal PER,Urban,Apis mellifera,264,25669,
04272022_89_C9_2,864.397,,Virginia,64.959,head frontal PER,Urban,Apis mellifera,264,25907,
04272022_89_C9_2,856.189,9.676,Virginia,64.959,land,Urban,Apis mellifera,264,25661,
04272022_89_C9_2,865.865,,Virginia,64.959,leave,Urban,Apis mellifera,264,25951,
04272022_89_C9_2,864.697,0.267,Virginia,64.959,scraping,Urban,Apis mellifera,264,25916,
04272022_89_C9_2,864.964,,Virginia,64.959,scraping,Urban,Apis mellifera,264,25924,
04272022_89_C9_2,1649.181,0.534,Virginia,64.959,anther contact,Urban,Apis mellifera,265,49427,
04272022_89_C9_2,1649.715,,Virginia,64.959,anther contact,Urban,Apis mellifera,265,49443,
04272022_89_C9_2,1651.783,0.267,Virginia,64.959,anther contact,Urban,Apis mellifera,265,49505,
04272022_89_C9_2,1652.05,,Virginia,64.959,anther contact,Urban,Apis mellifera,265,49513,
04272022_89_C9_2,1645.11,3.637,Virginia,64.959,head frontal PER,Urban,Apis mellifera,265,49305,
04272022_89_C9_2,1648.747,,Virginia,64.959,head frontal PER,Urban,Apis mellifera,265,49414,
04272022_89_C9_2,1649.748,1.802,Virginia,64.959,head side PER,Urban,Apis mellifera,265,49444,
04272022_89_C9_2,1651.55,,Virginia,64.959,head side PER,Urban,Apis mellifera,265,49498,
04272022_89_C9_2,1644.843,13.18,Virginia,64.959,land,Urban,Apis mellifera,265,49297,
04272022_89_C9_2,1658.023,,Virginia,64.959,leave,Urban,Apis mellifera,265,49692,
04272022_89_C9_2,1653.352,4.638,Virginia,64.959,unclear,Urban,Apis mellifera,265,49552,
04272022_89_C9_2,1657.99,,Virginia,64.959,unclear,Urban,Apis mellifera,265,49691,
04272022_89_C9_2,2711.175,3.737,Virginia,64.959,head frontal PER,Urban,Apis mellifera,266,81255,
04272022_89_C9_2,2714.912,,Virginia,64.959,head frontal PER,Urban,Apis mellifera,266,81367,
04272022_89_C9_2,2715.213,3.303,Virginia,64.959,head frontal PER,Urban,Apis mellifera,266,81376,
04272022_89_C9_2,2718.516,,Virginia,64.959,head frontal PER,Urban,Apis mellifera,266,81475,
04272022_89_C9_2,2719.283,3.837,Virginia,64.959,head frontal PER,Urban,Apis mellifera,266,81498,
04272022_89_C9_2,2723.12,,Virginia,64.959,head frontal PER,Urban,Apis mellifera,266,81613,
04272022_89_C9_2,2710.775,12.579,Virginia,64.959,land,Urban,Apis mellifera,266,81243,
04272022_89_C9_2,2723.354,,Virginia,64.959,leave,Urban,Apis mellifera,266,81620,
04272022_89_C9_2,3293.857,0.701,Virginia,64.959,anther contact,Urban,Apis mellifera,267,98718,
04272022_89_C9_2,3294.558,,Virginia,64.959,anther contact,Urban,Apis mellifera,267,98739,
04272022_89_C9_2,3296.994,0.333,Virginia,64.959,anther contact,Urban,Apis mellifera,267,98812,
04272022_89_C9_2,3297.327,,Virginia,64.959,anther contact,Urban,Apis mellifera,267,98822,
04272022_89_C9_2,3297.861,0.2,Virginia,64.959,anther contact,Urban,Apis mellifera,267,98838,
04272022_89_C9_2,3298.061,,Virginia,64.959,anther contact,Urban,Apis mellifera,267,98844,
04272022_89_C9_2,3304.234,0.534,Virginia,64.959,anther contact,Urban,Apis mellifera,267,99029,
04272022_89_C9_2,3304.768,,Virginia,64.959,anther contact,Urban,Apis mellifera,267,99045,
04272022_89_C9_2,3284.448,9.176,Virginia,64.959,head frontal PER,Urban,Apis mellifera,267,98436,
04272022_89_C9_2,3293.624,,Virginia,64.959,head frontal PER,Urban,Apis mellifera,267,98711,
04272022_89_C9_2,3294.625,2.269,Virginia,64.959,head frontal PER,Urban,Apis mellifera,267,98741,
04272022_89_C9_2,3296.894,,Virginia,64.959,head frontal PER,Urban,Apis mellifera,267,98809,
04272022_89_C9_2,3298.162,3.87,Virginia,64.959,head frontal PER,Urban,Apis mellifera,267,98847,
04272022_89_C9_2,3302.032,,Virginia,64.959,head frontal PER,Urban,Apis mellifera,267,98963,
04272022_89_C9_2,3303.066,1.068,Virginia,64.959,head side PER,Urban,Apis mellifera,267,98994,
04272022_89_C9_2,3304.134,,Virginia,64.959,head side PER,Urban,Apis mellifera,267,99026,
04272022_89_C9_2,3283.981,20.954,Virginia,64.959,land,Urban,Apis mellifera,267,98422,
04272022_89_C9_2,3304.935,,Virginia,64.959,leave,Urban,Apis mellifera,267,99050,
04272022_89_C9_2,3302.266,0.6,Virginia,64.959,scraping,Urban,Apis mellifera,267,98970,
04272022_89_C9_2,3302.866,,Virginia,64.959,scraping,Urban,Apis mellifera,267,98988,
04272022_89_C9_2,3553.617,4.538,Virginia,64.959,land,Urban,Apis mellifera,268,106503,
04272022_89_C9_2,3558.155,,Virginia,64.959,leave,Urban,Apis mellifera,268,106639,
04272022_89_C9_2,3553.65,4.471,Virginia,64.959,unclear,Urban,Apis mellifera,268,106504,
04272022_89_C9_2,3558.121,,Virginia,64.959,unclear,Urban,Apis mellifera,268,106638,
04272022_89_C9_2,3677.641,0.1,Virginia,64.959,anther contact,Urban,Apis mellifera,269,110219,
04272022_89_C9_2,3677.741,,Virginia,64.959,anther contact,Urban,Apis mellifera,269,110222,
04272022_89_C9_2,3677.741,2.102,Virginia,64.959,head frontal PER,Urban,Apis mellifera,269,110222,
04272022_89_C9_2,3679.843,,Virginia,64.959,head frontal PER,Urban,Apis mellifera,269,110285,
04272022_89_C9_2,3677.34,2.57,Virginia,64.959,land,Urban,Apis mellifera,269,110210,
04272022_89_C9_2,3679.91,,Virginia,64.959,leave,Urban,Apis mellifera,269,110287,
04272022_89_C9_2,5136.064,0.834,Virginia,64.959,anther contact,Urban,Apis mellifera,271,153928,
04272022_89_C9_2,5136.898,,Virginia,64.959,anther contact,Urban,Apis mellifera,271,153953,
04272022_89_C9_2,5137.866,0.4,Virginia,64.959,anther contact,Urban,Apis mellifera,271,153982,
04272022_89_C9_2,5138.266,,Virginia,64.959,anther contact,Urban,Apis mellifera,271,153994,
04272022_89_C9_2,5144.172,0.201,Virginia,64.959,anther contact,Urban,Apis mellifera,271,154171,
04272022_89_C9_2,5144.373,,Virginia,64.959,anther contact,Urban,Apis mellifera,271,154177,
04272022_89_C9_2,5133.295,2.502,Virginia,64.959,head frontal PER,Urban,Apis mellifera,271,153845,
04272022_89_C9_2,5135.797,,Virginia,64.959,head frontal PER,Urban,Apis mellifera,271,153920,
04272022_89_C9_2,5138.266,5.706,Virginia,64.959,head frontal PER,Urban,Apis mellifera,271,153994,
04272022_89_C9_2,5143.972,,Virginia,64.959,head frontal PER,Urban,Apis mellifera,271,154165,
04272022_89_C9_2,5133.028,11.712,Virginia,64.959,land,Urban,Apis mellifera,271,153837,
04272022_89_C9_2,5144.74,,Virginia,64.959,leave,Urban,Apis mellifera,271,154188,
04272022_89_C9_2,5144.439,0.201,Virginia,64.959,scraping,Urban,Apis mellifera,271,154179,
04272022_89_C9_2,5144.64,,Virginia,64.959,scraping,Urban,Apis mellifera,271,154185,
04272022_89_C9_2,5255.383,0.167,Virginia,64.959,anther contact,Urban,Apis mellifera,273,157504,
04272022_89_C9_2,5255.55,,Virginia,64.959,anther contact,Urban,Apis mellifera,273,157509,
04272022_89_C9_2,5257.719,0.1,Virginia,64.959,anther contact,Urban,Apis mellifera,273,157574,
04272022_89_C9_2,5257.819,,Virginia,64.959,anther contact,Urban,Apis mellifera,273,157577,
04272022_89_C9_2,5269.631,0.501,Virginia,64.959,anther contact,Urban,Apis mellifera,273,157931,
04272022_89_C9_2,5270.132,,Virginia,64.959,anther contact,Urban,Apis mellifera,273,157946,
04272022_89_C9_2,5274.469,0.301,Virginia,64.959,anther contact,Urban,Apis mellifera,273,158076,
04272022_89_C9_2,5274.77,,Virginia,64.959,anther contact,Urban,Apis mellifera,273,158085,
04272022_89_C9_2,5241.503,13.814,Virginia,64.959,head frontal PER,Urban,Apis mellifera,273,157088,
04272022_89_C9_2,5255.317,,Virginia,64.959,head frontal PER,Urban,Apis mellifera,273,157502,
04272022_89_C9_2,5257.853,4.905,Virginia,64.959,head frontal PER,Urban,Apis mellifera,273,157578,
04272022_89_C9_2,5262.758,,Virginia,64.959,head frontal PER,Urban,Apis mellifera,273,157725,
04272022_89_C9_2,5264.459,5.072,Virginia,64.959,head frontal PER,Urban,Apis mellifera,273,157776,
04272022_89_C9_2,5269.531,,Virginia,64.959,head frontal PER,Urban,Apis mellifera,273,157928,
04272022_89_C9_2,5272.3,2.102,Virginia,64.959,head frontal PER,Urban,Apis mellifera,273,158011,
04272022_89_C9_2,5274.402,,Virginia,64.959,head frontal PER,Urban,Apis mellifera,273,158074,
04272022_89_C9_2,5241.369,33.434,Virginia,64.959,land,Urban,Apis mellifera,273,157084,
04272022_89_C9_2,5274.803,,Virginia,64.959,leave,Urban,Apis mellifera,273,158086,
04272022_89_C9_2,5263.058,0.367,Virginia,64.959,scraping,Urban,Apis mellifera,273,157734,
04272022_89_C9_2,5263.425,,Virginia,64.959,scraping,Urban,Apis mellifera,273,157745,
04272022_89_C9_2,5256.651,0.468,Virginia,64.959,unclear,Urban,Apis mellifera,273,157542,
04272022_89_C9_2,5257.119,,Virginia,64.959,unclear,Urban,Apis mellifera,273,157556,
04272022_89_C9_2,5594.756,0.901,Virginia,64.959,anther contact,Urban,Apis mellifera,274,167675,
04272022_89_C9_2,5595.657,,Virginia,64.959,anther contact,Urban,Apis mellifera,274,167702,
04272022_89_C9_2,5595.79,0.668,Virginia,64.959,anther contact,Urban,Apis mellifera,274,167706,
04272022_89_C9_2,5596.458,,Virginia,64.959,anther contact,Urban,Apis mellifera,274,167726,
04272022_89_C9_2,5582.644,11.878,Virginia,64.959,head frontal PER,Urban,Apis mellifera,274,167312,
04272022_89_C9_2,5594.522,,Virginia,64.959,head frontal PER,Urban,Apis mellifera,274,167668,
04272022_89_C9_2,5573.535,23.223,Virginia,64.959,land,Urban,Apis mellifera,274,167039,
04272022_89_C9_2,5596.758,,Virginia,64.959,leave,Urban,Apis mellifera,274,167735,
04272022_89_C9_2,5573.601,7.775,Virginia,64.959,unclear,Urban,Apis mellifera,274,167041,
04272022_89_C9_2,5581.376,,Virginia,64.959,unclear,Urban,Apis mellifera,274,167274,
04272022_89_C9_2,5637.332,0.433,Virginia,64.959,anther contact,Urban,Apis mellifera,275,168951,
04272022_89_C9_2,5637.765,,Virginia,64.959,anther contact,Urban,Apis mellifera,275,168964,
04272022_89_C9_2,5636.965,0.834,Virginia,64.959,land,Urban,Apis mellifera,275,168940,
04272022_89_C9_2,5637.799,,Virginia,64.959,leave,Urban,Apis mellifera,275,168965,
04272022_89_C9_2,6830.023,0.701,Virginia,64.959,anther contact,Urban,Apis mellifera,277,204696,
04272022_89_C9_2,6830.724,,Virginia,64.959,anther contact,Urban,Apis mellifera,277,204717,
04272022_89_C9_2,6821.315,0.266,Virginia,64.959,head frontal PER,Urban,Apis mellifera,277,204435,
04272022_89_C9_2,6821.581,,Virginia,64.959,head frontal PER,Urban,Apis mellifera,277,204443,
04272022_89_C9_2,6822.883,0.734,Virginia,64.959,head frontal PER,Urban,Apis mellifera,277,204482,
04272022_89_C9_2,6823.617,,Virginia,64.959,head frontal PER,Urban,Apis mellifera,277,204504,
04272022_89_C9_2,6824.785,5.171,Virginia,64.959,head side PER,Urban,Apis mellifera,277,204539,
04272022_89_C9_2,6829.956,,Virginia,64.959,head side PER,Urban,Apis mellifera,277,204694,
04272022_89_C9_2,6818.645,12.179,Virginia,64.959,land,Urban,Apis mellifera,277,204355,
04272022_89_C9_2,6830.824,,Virginia,64.959,leave,Urban,Apis mellifera,277,204720,
04272022_89_C9_2,6821.581,1.302,Virginia,64.959,pollinator combo,Urban,Apis mellifera,277,204443,
04272022_89_C9_2,6822.883,,Virginia,64.959,pollinator combo,Urban,Apis mellifera,277,204482,
04272022_89_C9_2,6824.117,0.634,Virginia,64.959,scraping,Urban,Apis mellifera,277,204519,
04272022_89_C9_2,6824.751,,Virginia,64.959,scraping,Urban,Apis mellifera,277,204538,
04272022_89_C9_2,6819.179,1.268,Virginia,64.959,unclear,Urban,Apis mellifera,277,204371,
04272022_89_C9_2,6820.447,,Virginia,64.959,unclear,Urban,Apis mellifera,277,204409,
04272022_89_C9_2,6864.658,0.3,Virginia,64.959,anther contact,Urban,Apis mellifera,278,205734,
04272022_89_C9_2,6864.958,,Virginia,64.959,anther contact,Urban,Apis mellifera,278,205743,
04272022_89_C9_2,6876.703,0.134,Virginia,64.959,anther contact,Urban,Apis mellifera,278,206095,
04272022_89_C9_2,6876.837,,Virginia,64.959,anther contact,Urban,Apis mellifera,278,206099,
04272022_89_C9_2,6869.429,6.006,Virginia,64.959,body side PER,Urban,Apis mellifera,278,205877,
04272022_89_C9_2,6875.435,,Virginia,64.959,body side PER,Urban,Apis mellifera,278,206057,
04272022_89_C9_2,6861.088,3.436,Virginia,64.959,head frontal PER,Urban,Apis mellifera,278,205627,
04272022_89_C9_2,6864.524,,Virginia,64.959,head frontal PER,Urban,Apis mellifera,278,205730,
04272022_89_C9_2,6860.921,15.949,Virginia,64.959,land,Urban,Apis mellifera,278,205622,
04272022_89_C9_2,6876.87,,Virginia,64.959,leave,Urban,Apis mellifera,278,206100,
04272022_89_C9_2,6866.393,2.869,Virginia,64.959,unclear,Urban,Apis mellifera,278,205786,
04272022_89_C9_2,6869.262,,Virginia,64.959,unclear,Urban,Apis mellifera,278,205872,
04272022_89_C9_2,7066.927,0.166,Virginia,64.959,anther contact,Urban,Apis mellifera,279,211796,
04272022_89_C9_2,7067.093,,Virginia,64.959,anther contact,Urban,Apis mellifera,279,211801,
04272022_89_C9_2,7063.99,2.536,Virginia,64.959,head frontal PER,Urban,Apis mellifera,279,211708,
04272022_89_C9_2,7066.526,,Virginia,64.959,head frontal PER,Urban,Apis mellifera,279,211784,
04272022_89_C9_2,7063.59,3.537,Virginia,64.959,land,Urban,Apis mellifera,279,211696,
04272022_89_C9_2,7067.127,,Virginia,64.959,leave,Urban,Apis mellifera,279,211802,
04282022_145_C8_1,3163.594,6.74,HLS,29.329,anther contact,Suburban,Apis mellifera,283,94814,
04282022_145_C8_1,3170.334,,HLS,29.329,anther contact,Suburban,Apis mellifera,283,95016,
04282022_145_C8_1,3176.44,0.701,HLS,29.329,anther contact,Suburban,Apis mellifera,283,95199,
04282022_145_C8_1,3177.141,,HLS,29.329,anther contact,Suburban,Apis mellifera,283,95220,
04282022_145_C8_1,3164.228,6.106,HLS,29.329,body side PER,Suburban,Apis mellifera,283,94833,
04282022_145_C8_1,3170.334,,HLS,29.329,body side PER,Suburban,Apis mellifera,283,95016,
04282022_145_C8_1,3170.567,5.106,HLS,29.329,head side PER,Suburban,Apis mellifera,283,95023,
04282022_145_C8_1,3175.673,,HLS,29.329,head side PER,Suburban,Apis mellifera,283,95176,
04282022_145_C8_1,3163.093,16.183,HLS,29.329,land,Suburban,Apis mellifera,283,94799,
04282022_145_C8_1,3179.276,,HLS,29.329,leave,Suburban,Apis mellifera,283,95284,
04282022_145_C8_1,3177.908,0.033,HLS,29.329,unclear,Suburban,Apis mellifera,283,95243,
04282022_145_C8_1,3177.941,,HLS,29.329,unclear,Suburban,Apis mellifera,283,95244,
04282022_145_C8_1,3178.609,0.667,HLS,29.329,unclear,Suburban,Apis mellifera,283,95264,
04282022_145_C8_1,3179.276,,HLS,29.329,unclear,Suburban,Apis mellifera,283,95284,
04282022_267_C5_1,2361.326,0.967,Ferguson,21.932,anther contact,Exurban,Apis mellifera,290,70770,
04282022_267_C5_1,2362.293,,Ferguson,21.932,anther contact,Exurban,Apis mellifera,290,70799,
04282022_267_C5_1,2370.602,0.767,Ferguson,21.932,anther contact,Exurban,Apis mellifera,290,71048,
04282022_267_C5_1,2371.369,,Ferguson,21.932,anther contact,Exurban,Apis mellifera,290,71071,
04282022_267_C5_1,2374.105,1.201,Ferguson,21.932,anther contact,Exurban,Apis mellifera,290,71153,
04282022_267_C5_1,2375.306,,Ferguson,21.932,anther contact,Exurban,Apis mellifera,290,71189,
04282022_267_C5_1,2380.245,0.3,Ferguson,21.932,anther contact,Exurban,Apis mellifera,290,71337,
04282022_267_C5_1,2380.545,,Ferguson,21.932,anther contact,Exurban,Apis mellifera,290,71346,
04282022_267_C5_1,2381.045,0.634,Ferguson,21.932,anther contact,Exurban,Apis mellifera,290,71361,
04282022_267_C5_1,2381.679,,Ferguson,21.932,anther contact,Exurban,Apis mellifera,290,71380,
04282022_267_C5_1,2384.616,0.333,Ferguson,21.932,anther contact,Exurban,Apis mellifera,290,71468,
04282022_267_C5_1,2384.949,,Ferguson,21.932,anther contact,Exurban,Apis mellifera,290,71478,
04282022_267_C5_1,2377.141,3.003,Ferguson,21.932,body side PER,Exurban,Apis mellifera,290,71244,
04282022_267_C5_1,2380.144,,Ferguson,21.932,body side PER,Exurban,Apis mellifera,290,71334,
04282022_267_C5_1,2362.293,8.309,Ferguson,21.932,head frontal PER,Exurban,Apis mellifera,290,70799,
04282022_267_C5_1,2370.602,,Ferguson,21.932,head frontal PER,Exurban,Apis mellifera,290,71048,
04282022_267_C5_1,2371.369,0.667,Ferguson,21.932,head frontal PER,Exurban,Apis mellifera,290,71071,
04282022_267_C5_1,2372.036,,Ferguson,21.932,head frontal PER,Exurban,Apis mellifera,290,71091,
04282022_267_C5_1,2381.679,2.937,Ferguson,21.932,head frontal PER,Exurban,Apis mellifera,290,71380,
04282022_267_C5_1,2384.616,,Ferguson,21.932,head frontal PER,Exurban,Apis mellifera,290,71468,
04282022_267_C5_1,2372.036,2.069,Ferguson,21.932,head side PER,Exurban,Apis mellifera,290,71091,
04282022_267_C5_1,2374.105,,Ferguson,21.932,head side PER,Exurban,Apis mellifera,290,71153,
04282022_267_C5_1,2351.416,33.533,Ferguson,21.932,land,Exurban,Apis mellifera,290,70473,
04282022_267_C5_1,2384.949,,Ferguson,21.932,leave,Exurban,Apis mellifera,290,71478,
04282022_267_C5_1,2351.649,0.167,Ferguson,21.932,unclear,Exurban,Apis mellifera,290,70480,
04282022_267_C5_1,2351.816,,Ferguson,21.932,unclear,Exurban,Apis mellifera,290,70485,
04282022_267_C5_1,2352.383,8.943,Ferguson,21.932,unclear,Exurban,Apis mellifera,290,70502,
04282022_267_C5_1,2361.326,,Ferguson,21.932,unclear,Exurban,Apis mellifera,290,70770,
04292022_110_C4_1,172.105,0.067,Carondelet,54.085,anther contact,Urban,Apis mellifera,no ID 3,5159,
04292022_110_C4_1,172.172,,Carondelet,54.085,anther contact,Urban,Apis mellifera,no ID 3,5161,
04292022_110_C4_1,173.106,0.134,Carondelet,54.085,anther contact,Urban,Apis mellifera,no ID 3,5189,
04292022_110_C4_1,173.24,,Carondelet,54.085,anther contact,Urban,Apis mellifera,no ID 3,5193,
04292022_110_C4_1,171.438,2.97,Carondelet,54.085,land,Urban,Apis mellifera,no ID 3,5139,
04292022_110_C4_1,174.408,,Carondelet,54.085,leave,Urban,Apis mellifera,no ID 3,5228,
04292022_110_C4_1,171.471,0.601,Carondelet,54.085,scraping,Urban,Apis mellifera,no ID 3,5140,
04292022_110_C4_1,172.072,,Carondelet,54.085,scraping,Urban,Apis mellifera,no ID 3,5158,
04292022_110_C4_1,173.273,0.934,Carondelet,54.085,scraping,Urban,Apis mellifera,no ID 3,5194,
04292022_110_C4_1,174.207,,Carondelet,54.085,scraping,Urban,Apis mellifera,no ID 3,5222,
04292022_110_C4_1,1732.564,0.467,Carondelet,54.085,land,Urban,Apis mellifera,no ID 4,51926,
04292022_110_C4_1,1733.031,,Carondelet,54.085,leave,Urban,Apis mellifera,no ID 4,51940,
04292022_110_C4_1,1838.303,0.1,Carondelet,54.085,anther contact,Urban,Apis mellifera,no ID 5,55095,
04292022_110_C4_1,1838.403,,Carondelet,54.085,anther contact,Urban,Apis mellifera,no ID 5,55098,
04292022_110_C4_1,1838.437,1.801,Carondelet,54.085,head frontal PER,Urban,Apis mellifera,no ID 5,55099,
04292022_110_C4_1,1840.238,,Carondelet,54.085,head frontal PER,Urban,Apis mellifera,no ID 5,55153,
04292022_110_C4_1,1826.024,14.815,Carondelet,54.085,land,Urban,Apis mellifera,no ID 5,54727,
04292022_110_C4_1,1840.839,,Carondelet,54.085,leave,Urban,Apis mellifera,no ID 5,55171,
04292022_110_C4_1,1827.292,8.675,Carondelet,54.085,unclear,Urban,Apis mellifera,no ID 5,54765,
04292022_110_C4_1,1835.967,,Carondelet,54.085,unclear,Urban,Apis mellifera,no ID 5,55025,
04292022_110_C4_1,3817.38,0.567,Carondelet,54.085,anther contact,Urban,Apis mellifera,no ID 6,114408,
04292022_110_C4_1,3817.947,,Carondelet,54.085,anther contact,Urban,Apis mellifera,no ID 6,114425,
04292022_110_C4_1,3817.38,0.601,Carondelet,54.085,land,Urban,Apis mellifera,no ID 6,114408,
04292022_110_C4_1,3817.981,,Carondelet,54.085,leave,Urban,Apis mellifera,no ID 6,114426,
04292022_110_C4_1,3976.84,1.835,Carondelet,54.085,anther contact,Urban,Apis mellifera,no ID 7,119187,
04292022_110_C4_1,3978.675,,Carondelet,54.085,anther contact,Urban,Apis mellifera,no ID 7,119242,
04292022_110_C4_1,3989.986,0.834,Carondelet,54.085,anther contact,Urban,Apis mellifera,no ID 7,119581,
04292022_110_C4_1,3990.82,,Carondelet,54.085,anther contact,Urban,Apis mellifera,no ID 7,119606,
04292022_110_C4_1,3996.726,0.701,Carondelet,54.085,anther contact,Urban,Apis mellifera,no ID 7,119783,
04292022_110_C4_1,3997.427,,Carondelet,54.085,anther contact,Urban,Apis mellifera,no ID 7,119804,
04292022_110_C4_1,3975.939,0.834,Carondelet,54.085,head frontal PER,Urban,Apis mellifera,no ID 7,119160,
04292022_110_C4_1,3976.773,,Carondelet,54.085,head frontal PER,Urban,Apis mellifera,no ID 7,119185,
04292022_110_C4_1,3979.375,10.544,Carondelet,54.085,head frontal PER,Urban,Apis mellifera,no ID 7,119263,
04292022_110_C4_1,3989.919,,Carondelet,54.085,head frontal PER,Urban,Apis mellifera,no ID 7,119579,
04292022_110_C4_1,3992.222,4.437,Carondelet,54.085,head frontal PER,Urban,Apis mellifera,no ID 7,119648,
04292022_110_C4_1,3996.659,,Carondelet,54.085,head frontal PER,Urban,Apis mellifera,no ID 7,119781,
04292022_110_C4_1,3973.303,31.932,Carondelet,54.085,land,Urban,Apis mellifera,no ID 7,119081,
04292022_110_C4_1,4005.235,,Carondelet,54.085,leave,Urban,Apis mellifera,no ID 7,120038,
04292022_110_C4_1,3998.828,4.004,Carondelet,54.085,unclear,Urban,Apis mellifera,no ID 7,119846,
04292022_110_C4_1,4002.832,,Carondelet,54.085,unclear,Urban,Apis mellifera,no ID 7,119966,
04292022_110_C4_1,4003.366,0.801,Carondelet,54.085,unclear,Urban,Apis mellifera,no ID 7,119982,
04292022_110_C4_1,4004.167,,Carondelet,54.085,unclear,Urban,Apis mellifera,no ID 7,120006,
04292022_110_C4_1,5231.326,0.1,Carondelet,54.085,anther contact,Urban,Apis mellifera,no ID 8,156784,
04292022_110_C4_1,5231.426,,Carondelet,54.085,anther contact,Urban,Apis mellifera,no ID 8,156787,
04292022_110_C4_1,5228.824,2.469,Carondelet,54.085,head frontal PER,Urban,Apis mellifera,no ID 8,156709,
04292022_110_C4_1,5231.293,,Carondelet,54.085,head frontal PER,Urban,Apis mellifera,no ID 8,156783,
04292022_110_C4_1,5228.69,2.77,Carondelet,54.085,land,Urban,Apis mellifera,no ID 8,156705,
04292022_110_C4_1,5231.46,,Carondelet,54.085,leave,Urban,Apis mellifera,no ID 8,156788,
04292022_110_C4_1,5835.863,0.1,Carondelet,54.085,anther contact,Urban,Apis mellifera,no ID 9,174902,
04292022_110_C4_1,5835.963,,Carondelet,54.085,anther contact,Urban,Apis mellifera,no ID 9,174905,
04292022_110_C4_1,5833.494,2.336,Carondelet,54.085,head frontal PER,Urban,Apis mellifera,no ID 9,174831,
04292022_110_C4_1,5835.83,,Carondelet,54.085,head frontal PER,Urban,Apis mellifera,no ID 9,174901,
04292022_110_C4_1,5833.494,2.536,Carondelet,54.085,land,Urban,Apis mellifera,no ID 9,174831,
04292022_110_C4_1,5836.03,,Carondelet,54.085,leave,Urban,Apis mellifera,no ID 9,174907,
04292022_118_C3_1,3640.337,0.4,Carondelet,54.085,anther contact,Urban,Apis mellifera,349,109102,
04292022_118_C3_1,3640.737,,Carondelet,54.085,anther contact,Urban,Apis mellifera,349,109114,
04292022_118_C3_1,3642.706,0.167,Carondelet,54.085,anther contact,Urban,Apis mellifera,349,109173,
04292022_118_C3_1,3642.873,,Carondelet,54.085,anther contact,Urban,Apis mellifera,349,109178,
04292022_118_C3_1,3640.337,2.536,Carondelet,54.085,land,Urban,Apis mellifera,349,109102,
04292022_118_C3_1,3642.873,,Carondelet,54.085,leave,Urban,Apis mellifera,349,109178,
04292022_189_C2_1,1707.973,0.467,Florissant,38.898,anther contact,Suburban,Apis mellifera,365,51189,
04292022_189_C2_1,1708.44,,Florissant,38.898,anther contact,Suburban,Apis mellifera,365,51203,
04292022_189_C2_1,1714.58,1.701,Florissant,38.898,anther contact,Suburban,Apis mellifera,365,51387,
04292022_189_C2_1,1716.281,,Florissant,38.898,anther contact,Suburban,Apis mellifera,365,51438,
04292022_189_C2_1,1718.817,0.567,Florissant,38.898,anther contact,Suburban,Apis mellifera,365,51514,
04292022_189_C2_1,1719.384,,Florissant,38.898,anther contact,Suburban,Apis mellifera,365,51531,
04292022_189_C2_1,1708.44,6.14,Florissant,38.898,head frontal PER,Suburban,Apis mellifera,365,51203,
04292022_189_C2_1,1714.58,,Florissant,38.898,head frontal PER,Suburban,Apis mellifera,365,51387,
04292022_189_C2_1,1706.538,14.281,Florissant,38.898,land,Suburban,Apis mellifera,365,51146,
04292022_189_C2_1,1720.819,,Florissant,38.898,leave,Suburban,Apis mellifera,365,51574,
04292022_189_C2_1,3709.806,1.168,Florissant,38.898,anther contact,Suburban,Apis mellifera,366,111184,
04292022_189_C2_1,3710.974,,Florissant,38.898,anther contact,Suburban,Apis mellifera,366,111219,
04292022_189_C2_1,3719.216,2.402,Florissant,38.898,anther contact,Suburban,Apis mellifera,366,111466,
04292022_189_C2_1,3721.618,,Florissant,38.898,anther contact,Suburban,Apis mellifera,366,111538,
04292022_189_C2_1,3722.953,6.473,Florissant,38.898,anther contact,Suburban,Apis mellifera,366,111578,
04292022_189_C2_1,3729.426,,Florissant,38.898,anther contact,Suburban,Apis mellifera,366,111772,
04292022_189_C2_1,3731.628,2.469,Florissant,38.898,anther contact,Suburban,Apis mellifera,366,111838,
04292022_189_C2_1,3734.097,,Florissant,38.898,anther contact,Suburban,Apis mellifera,366,111912,
04292022_189_C2_1,3739.769,1.469,Florissant,38.898,anther contact,Suburban,Apis mellifera,366,112082,
04292022_189_C2_1,3741.238,,Florissant,38.898,anther contact,Suburban,Apis mellifera,366,112126,
04292022_189_C2_1,3710.974,8.242,Florissant,38.898,head frontal PER,Suburban,Apis mellifera,366,111219,
04292022_189_C2_1,3719.216,,Florissant,38.898,head frontal PER,Suburban,Apis mellifera,366,111466,
04292022_189_C2_1,3734.097,5.672,Florissant,38.898,head side PER,Suburban,Apis mellifera,366,111912,
04292022_189_C2_1,3739.769,,Florissant,38.898,head side PER,Suburban,Apis mellifera,366,112082,
04292022_189_C2_1,3708.872,36.136,Florissant,38.898,land,Suburban,Apis mellifera,366,111156,
04292022_189_C2_1,3745.008,,Florissant,38.898,leave,Suburban,Apis mellifera,366,112239,
04292022_189_C2_1,3721.618,1.335,Florissant,38.898,unclear,Suburban,Apis mellifera,366,111538,
04292022_189_C2_1,3722.953,,Florissant,38.898,unclear,Suburban,Apis mellifera,366,111578,
04302022_230_C8_1,341.174,0.3,COLA,26.266,anther contact,Exurban,Apis mellifera,368,10226,
04302022_230_C8_1,341.474,,COLA,26.266,anther contact,Exurban,Apis mellifera,368,10235,
04302022_230_C8_1,342.175,0.167,COLA,26.266,anther contact,Exurban,Apis mellifera,368,10256,
04302022_230_C8_1,342.342,,COLA,26.266,anther contact,Exurban,Apis mellifera,368,10261,
04302022_230_C8_1,341.474,0.701,COLA,26.266,head frontal PER,Exurban,Apis mellifera,368,10235,
04302022_230_C8_1,342.175,,COLA,26.266,head frontal PER,Exurban,Apis mellifera,368,10256,
04302022_230_C8_1,341.041,1.301,COLA,26.266,land,Exurban,Apis mellifera,368,10222,
04302022_230_C8_1,342.342,,COLA,26.266,leave,Exurban,Apis mellifera,368,10261,
04302022_230_C8_1,4876.138,0.767,COLA,26.266,anther contact,Exurban,Apis mellifera,372,146139,
04302022_230_C8_1,4876.905,,COLA,26.266,anther contact,Exurban,Apis mellifera,372,146162,
04302022_230_C8_1,4879.742,2.168,COLA,26.266,anther contact,Exurban,Apis mellifera,372,146247,
04302022_230_C8_1,4881.91,,COLA,26.266,anther contact,Exurban,Apis mellifera,372,146312,
04302022_230_C8_1,4876.905,2.837,COLA,26.266,head frontal PER,Exurban,Apis mellifera,372,146162,
04302022_230_C8_1,4879.742,,COLA,26.266,head frontal PER,Exurban,Apis mellifera,372,146247,
04302022_230_C8_1,4876.138,5.772,COLA,26.266,land,Exurban,Apis mellifera,372,146139,
04302022_230_C8_1,4881.91,,COLA,26.266,leave,Exurban,Apis mellifera,372,146312,
04302022_230_C8_1,5190.952,0.568,COLA,26.266,anther contact,Exurban,Apis mellifera,373,155574,
04302022_230_C8_1,5191.52,,COLA,26.266,anther contact,Exurban,Apis mellifera,373,155591,
04302022_230_C8_1,5190.952,2.636,COLA,26.266,land,Exurban,Apis mellifera,373,155574,
04302022_230_C8_1,5193.588,,COLA,26.266,leave,Exurban,Apis mellifera,373,155653,
04302022_230_C8_1,5191.52,1.134,COLA,26.266,scraping,Exurban,Apis mellifera,373,155591,
04302022_230_C8_1,5192.654,,COLA,26.266,scraping,Exurban,Apis mellifera,373,155625,
04302022_230_C8_1,5192.654,0.934,COLA,26.266,unclear,Exurban,Apis mellifera,373,155625,
04302022_230_C8_1,5193.588,,COLA,26.266,unclear,Exurban,Apis mellifera,373,155653,
05042022_252_C5_1,111.278,2.235,Rustic Roots,16.489,anther contact,Exurban,Apis mellifera,377,3336,
05042022_252_C5_1,113.513,,Rustic Roots,16.489,anther contact,Exurban,Apis mellifera,377,3403,
05042022_252_C5_1,114.381,0.1,Rustic Roots,16.489,anther contact,Exurban,Apis mellifera,377,3429,
05042022_252_C5_1,114.481,,Rustic Roots,16.489,anther contact,Exurban,Apis mellifera,377,3432,
05042022_252_C5_1,122.656,0.5,Rustic Roots,16.489,anther contact,Exurban,Apis mellifera,377,3677,
05042022_252_C5_1,123.156,,Rustic Roots,16.489,anther contact,Exurban,Apis mellifera,377,3692,
05042022_252_C5_1,107.841,19.453,Rustic Roots,16.489,land,Exurban,Apis mellifera,377,3233,
05042022_252_C5_1,127.294,,Rustic Roots,16.489,leave,Exurban,Apis mellifera,377,3816,
05042022_252_C5_1,114.481,0.367,Rustic Roots,16.489,rubbing face,Exurban,Apis mellifera,377,3432,
05042022_252_C5_1,114.848,,Rustic Roots,16.489,rubbing face,Exurban,Apis mellifera,377,3443,
05042022_252_C5_1,114.848,3.771,Rustic Roots,16.489,scraping,Exurban,Apis mellifera,377,3443,
05042022_252_C5_1,118.619,,Rustic Roots,16.489,scraping,Exurban,Apis mellifera,377,3556,
05042022_252_C5_1,123.156,4.071,Rustic Roots,16.489,scraping,Exurban,Apis mellifera,377,3692,
05042022_252_C5_1,127.227,,Rustic Roots,16.489,scraping,Exurban,Apis mellifera,377,3814,
05042022_252_C5_1,107.841,3.437,Rustic Roots,16.489,unclear,Exurban,Apis mellifera,377,3233,
05042022_252_C5_1,111.278,,Rustic Roots,16.489,unclear,Exurban,Apis mellifera,377,3336,
05042022_252_C5_1,118.619,1.301,Rustic Roots,16.489,unclear,Exurban,Apis mellifera,377,3556,
05042022_252_C5_1,119.92,,Rustic Roots,16.489,unclear,Exurban,Apis mellifera,377,3595,
05042022_252_C5_1,433.767,0.066,Rustic Roots,16.489,anther contact,Exurban,Apis mellifera,378,13001,
05042022_252_C5_1,433.833,,Rustic Roots,16.489,anther contact,Exurban,Apis mellifera,378,13003,
05042022_252_C5_1,436.403,0.1,Rustic Roots,16.489,anther contact,Exurban,Apis mellifera,378,13080,
05042022_252_C5_1,436.503,,Rustic Roots,16.489,anther contact,Exurban,Apis mellifera,378,13083,
05042022_252_C5_1,433.767,2.736,Rustic Roots,16.489,land,Exurban,Apis mellifera,378,13001,
05042022_252_C5_1,436.503,,Rustic Roots,16.489,leave,Exurban,Apis mellifera,378,13083,
05042022_252_C5_1,436.236,0.167,Rustic Roots,16.489,rubbing body,Exurban,Apis mellifera,378,13075,
05042022_252_C5_1,436.403,,Rustic Roots,16.489,rubbing body,Exurban,Apis mellifera,378,13080,
05042022_252_C5_1,433.833,2.403,Rustic Roots,16.489,scraping,Exurban,Apis mellifera,378,13003,
05042022_252_C5_1,436.236,,Rustic Roots,16.489,scraping,Exurban,Apis mellifera,378,13075,
05042022_82_C8_1,259.693,1.101,Virginia,64.959,anther contact,Urban,Apis mellifera,383,7784,
05042022_82_C8_1,260.794,,Virginia,64.959,anther contact,Urban,Apis mellifera,383,7817,
05042022_82_C8_1,265.098,0.901,Virginia,64.959,anther contact,Urban,Apis mellifera,383,7946,
05042022_82_C8_1,265.999,,Virginia,64.959,anther contact,Urban,Apis mellifera,383,7973,
05042022_82_C8_1,266.9,1.134,Virginia,64.959,anther contact,Urban,Apis mellifera,383,8000,
05042022_82_C8_1,268.034,,Virginia,64.959,anther contact,Urban,Apis mellifera,383,8034,
05042022_82_C8_1,274.941,1.001,Virginia,64.959,anther contact,Urban,Apis mellifera,383,8241,
05042022_82_C8_1,275.942,,Virginia,64.959,anther contact,Urban,Apis mellifera,383,8271,
05042022_82_C8_1,282.249,0.667,Virginia,64.959,anther contact,Urban,Apis mellifera,383,8460,
05042022_82_C8_1,282.916,,Virginia,64.959,anther contact,Urban,Apis mellifera,383,8480,
05042022_82_C8_1,283.016,0.601,Virginia,64.959,anther contact,Urban,Apis mellifera,383,8483,
05042022_82_C8_1,283.617,,Virginia,64.959,anther contact,Urban,Apis mellifera,383,8501,
05042022_82_C8_1,260.794,4.304,Virginia,64.959,head frontal PER,Urban,Apis mellifera,383,7817,
05042022_82_C8_1,265.098,,Virginia,64.959,head frontal PER,Urban,Apis mellifera,383,7946,
05042022_82_C8_1,268.034,6.907,Virginia,64.959,head frontal PER,Urban,Apis mellifera,383,8034,
05042022_82_C8_1,274.941,,Virginia,64.959,head frontal PER,Urban,Apis mellifera,383,8241,
05042022_82_C8_1,275.942,6.307,Virginia,64.959,head frontal PER,Urban,Apis mellifera,383,8271,
05042022_82_C8_1,282.249,,Virginia,64.959,head frontal PER,Urban,Apis mellifera,383,8460,
05042022_82_C8_1,259.693,34.468,Virginia,64.959,land,Urban,Apis mellifera,383,7784,
05042022_82_C8_1,294.161,,Virginia,64.959,leave,Urban,Apis mellifera,383,8817,
05042022_82_C8_1,282.916,0.1,Virginia,64.959,tapping,Urban,Apis mellifera,383,8480,
05042022_82_C8_1,283.016,,Virginia,64.959,tapping,Urban,Apis mellifera,383,8483,
05042022_82_C8_1,284.885,9.276,Virginia,64.959,unclear,Urban,Apis mellifera,383,8539,
05042022_82_C8_1,294.161,,Virginia,64.959,unclear,Urban,Apis mellifera,383,8817,
05042022_82_C8_1,652.519,1.901,Virginia,64.959,anther contact,Urban,Apis mellifera,384,19557,
05042022_82_C8_1,654.42,,Virginia,64.959,anther contact,Urban,Apis mellifera,384,19614,
05042022_82_C8_1,660.093,1.034,Virginia,64.959,anther contact,Urban,Apis mellifera,384,19784,
05042022_82_C8_1,661.127,,Virginia,64.959,anther contact,Urban,Apis mellifera,384,19815,
05042022_82_C8_1,662.295,0.1,Virginia,64.959,anther contact,Urban,Apis mellifera,384,19850,
05042022_82_C8_1,662.395,,Virginia,64.959,anther contact,Urban,Apis mellifera,384,19853,
05042022_82_C8_1,654.42,5.673,Virginia,64.959,head frontal PER,Urban,Apis mellifera,384,19614,
05042022_82_C8_1,660.093,,Virginia,64.959,head frontal PER,Urban,Apis mellifera,384,19784,
05042022_82_C8_1,652.519,9.876,Virginia,64.959,land,Urban,Apis mellifera,384,19557,
05042022_82_C8_1,662.395,,Virginia,64.959,leave,Urban,Apis mellifera,384,19853,
05042022_82_C8_1,661.127,1.168,Virginia,64.959,scraping,Urban,Apis mellifera,384,19815,
05042022_82_C8_1,662.295,,Virginia,64.959,scraping,Urban,Apis mellifera,384,19850,
05042022_82_C8_1,1279.345,10.544,Virginia,64.959,land,Urban,Apis mellifera,385,38343,
05042022_82_C8_1,1289.889,,Virginia,64.959,leave,Urban,Apis mellifera,385,38659,
05042022_82_C8_1,1279.345,10.51,Virginia,64.959,unclear,Urban,Apis mellifera,385,38343,
05042022_82_C8_1,1289.855,,Virginia,64.959,unclear,Urban,Apis mellifera,385,38658,
05042022_82_C8_1,1332.898,0.634,Virginia,64.959,anther contact,Urban,Apis mellifera,386,39948,
05042022_82_C8_1,1333.532,,Virginia,64.959,anther contact,Urban,Apis mellifera,386,39967,
05042022_82_C8_1,1343.008,1.635,Virginia,64.959,anther contact,Urban,Apis mellifera,386,40251,
05042022_82_C8_1,1344.643,,Virginia,64.959,anther contact,Urban,Apis mellifera,386,40300,
05042022_82_C8_1,1354.153,1.601,Virginia,64.959,anther contact,Urban,Apis mellifera,386,40585,
05042022_82_C8_1,1355.754,,Virginia,64.959,anther contact,Urban,Apis mellifera,386,40633,
05042022_82_C8_1,1333.532,0.134,Virginia,64.959,head frontal PER,Urban,Apis mellifera,386,39967,
05042022_82_C8_1,1333.666,,Virginia,64.959,head frontal PER,Urban,Apis mellifera,386,39971,
05042022_82_C8_1,1335.935,2.903,Virginia,64.959,head frontal PER,Urban,Apis mellifera,386,40039,
05042022_82_C8_1,1338.838,,Virginia,64.959,head frontal PER,Urban,Apis mellifera,386,40126,
05042022_82_C8_1,1338.971,4.037,Virginia,64.959,head frontal PER,Urban,Apis mellifera,386,40130,
05042022_82_C8_1,1343.008,,Virginia,64.959,head frontal PER,Urban,Apis mellifera,386,40251,
05042022_82_C8_1,1346.478,7.675,Virginia,64.959,head side PER,Urban,Apis mellifera,386,40355,
05042022_82_C8_1,1354.153,,Virginia,64.959,head side PER,Urban,Apis mellifera,386,40585,
05042022_82_C8_1,1332.898,23.724,Virginia,64.959,land,Urban,Apis mellifera,386,39948,
05042022_82_C8_1,1356.622,,Virginia,64.959,leave,Urban,Apis mellifera,386,40659,
05042022_82_C8_1,1333.666,2.269,Virginia,64.959,pollinator combo,Urban,Apis mellifera,386,39971,
05042022_82_C8_1,1335.935,,Virginia,64.959,pollinator combo,Urban,Apis mellifera,386,40039,
05042022_82_C8_1,1338.838,0.133,Virginia,64.959,pollinator combo,Urban,Apis mellifera,386,40126,
05042022_82_C8_1,1338.971,,Virginia,64.959,pollinator combo,Urban,Apis mellifera,386,40130,
05042022_82_C8_1,1279.345,10.51,Virginia,64.959,unclear,Urban,Apis mellifera,386,38343,
05042022_82_C8_1,1289.855,,Virginia,64.959,unclear,Urban,Apis mellifera,386,38658,
05042022_82_C8_1,1523.155,0.334,Virginia,64.959,anther contact,Urban,Apis mellifera,387,45650,
05042022_82_C8_1,1523.489,,Virginia,64.959,anther contact,Urban,Apis mellifera,387,45660,
05042022_82_C8_1,1528.06,1.201,Virginia,64.959,anther contact,Urban,Apis mellifera,387,45797,
05042022_82_C8_1,1529.261,,Virginia,64.959,anther contact,Urban,Apis mellifera,387,45833,
05042022_82_C8_1,1523.489,4.571,Virginia,64.959,head side PER,Urban,Apis mellifera,387,45660,
05042022_82_C8_1,1528.06,,Virginia,64.959,head side PER,Urban,Apis mellifera,387,45797,
05042022_82_C8_1,1523.155,6.74,Virginia,64.959,land,Urban,Apis mellifera,387,45650,
05042022_82_C8_1,1529.895,,Virginia,64.959,leave,Urban,Apis mellifera,387,45852,
05042022_82_C8_1,5572.734,1.268,Virginia,64.959,anther contact,Urban,Apis mellifera,388,167016,
05042022_82_C8_1,5574.002,,Virginia,64.959,anther contact,Urban,Apis mellifera,388,167054,
05042022_82_C8_1,5574.469,0.167,Virginia,64.959,anther contact,Urban,Apis mellifera,388,167068,
05042022_82_C8_1,5574.636,,Virginia,64.959,anther contact,Urban,Apis mellifera,388,167073,
05042022_82_C8_1,5602.797,1.468,Virginia,64.959,anther contact,Urban,Apis mellifera,388,167917,
05042022_82_C8_1,5604.265,,Virginia,64.959,anther contact,Urban,Apis mellifera,388,167961,
05042022_82_C8_1,5605.867,0.567,Virginia,64.959,anther contact,Urban,Apis mellifera,388,168009,
05042022_82_C8_1,5606.434,,Virginia,64.959,anther contact,Urban,Apis mellifera,388,168026,
05042022_82_C8_1,5611.372,0.668,Virginia,64.959,anther contact,Urban,Apis mellifera,388,168174,
05042022_82_C8_1,5612.04,,Virginia,64.959,anther contact,Urban,Apis mellifera,388,168194,
05042022_82_C8_1,5628.089,3.303,Virginia,64.959,anther contact,Urban,Apis mellifera,388,168675,
05042022_82_C8_1,5631.392,,Virginia,64.959,anther contact,Urban,Apis mellifera,388,168774,
05042022_82_C8_1,5633.194,4.571,Virginia,64.959,anther contact,Urban,Apis mellifera,388,168828,
05042022_82_C8_1,5637.765,,Virginia,64.959,anther contact,Urban,Apis mellifera,388,168965,
05042022_82_C8_1,5656.985,1.301,Virginia,64.959,anther contact,Urban,Apis mellifera,388,169541,
05042022_82_C8_1,5658.286,,Virginia,64.959,anther contact,Urban,Apis mellifera,388,169580,
05042022_82_C8_1,5660.255,1.902,Virginia,64.959,anther contact,Urban,Apis mellifera,388,169639,
05042022_82_C8_1,5662.157,,Virginia,64.959,anther contact,Urban,Apis mellifera,388,169696,
05042022_82_C8_1,5664.726,1.434,Virginia,64.959,anther contact,Urban,Apis mellifera,388,169773,
05042022_82_C8_1,5666.16,,Virginia,64.959,anther contact,Urban,Apis mellifera,388,169816,
05042022_82_C8_1,5561.222,11.512,Virginia,64.959,body side PER,Urban,Apis mellifera,388,166671,
05042022_82_C8_1,5572.734,,Virginia,64.959,body side PER,Urban,Apis mellifera,388,167016,
05042022_82_C8_1,5575.737,7.407,Virginia,64.959,body side PER,Urban,Apis mellifera,388,167106,
05042022_82_C8_1,5583.144,,Virginia,64.959,body side PER,Urban,Apis mellifera,388,167328,
05042022_82_C8_1,5589.017,13.313,Virginia,64.959,body side PER,Urban,Apis mellifera,388,167504,
05042022_82_C8_1,5602.33,,Virginia,64.959,body side PER,Urban,Apis mellifera,388,167903,
05042022_82_C8_1,5619.614,7.007,Virginia,64.959,body side PER,Urban,Apis mellifera,388,168421,
05042022_82_C8_1,5626.621,,Virginia,64.959,body side PER,Urban,Apis mellifera,388,168631,
05042022_82_C8_1,5654.782,1.469,Virginia,64.959,body side PER,Urban,Apis mellifera,388,169475,
05042022_82_C8_1,5656.251,,Virginia,64.959,body side PER,Urban,Apis mellifera,388,169519,
05042022_82_C8_1,5604.265,1.602,Virginia,64.959,head frontal PER,Urban,Apis mellifera,388,167961,
05042022_82_C8_1,5605.867,,Virginia,64.959,head frontal PER,Urban,Apis mellifera,388,168009,
05042022_82_C8_1,5631.259,1.935,Virginia,64.959,head frontal PER,Urban,Apis mellifera,388,168770,
05042022_82_C8_1,5633.194,,Virginia,64.959,head frontal PER,Urban,Apis mellifera,388,168828,
05042022_82_C8_1,5662.157,2.569,Virginia,64.959,head frontal PER,Urban,Apis mellifera,388,169696,
05042022_82_C8_1,5664.726,,Virginia,64.959,head frontal PER,Urban,Apis mellifera,388,169773,
05042022_82_C8_1,5606.434,4.938,Virginia,64.959,head side PER,Urban,Apis mellifera,388,168026,
05042022_82_C8_1,5611.372,,Virginia,64.959,head side PER,Urban,Apis mellifera,388,168174,
05042022_82_C8_1,5558.353,107.874,Virginia,64.959,land,Urban,Apis mellifera,388,166585,
05042022_82_C8_1,5666.227,,Virginia,64.959,leave,Urban,Apis mellifera,388,169818,
05042022_82_C8_1,5613.341,4.972,Virginia,64.959,unclear,Urban,Apis mellifera,388,168233,
05042022_82_C8_1,5618.313,,Virginia,64.959,unclear,Urban,Apis mellifera,388,168382,
05042022_82_C8_1,5639.367,2.77,Virginia,64.959,unclear,Urban,Apis mellifera,388,169013,
05042022_82_C8_1,5642.137,,Virginia,64.959,unclear,Urban,Apis mellifera,388,169096,
05042022_82_C8_1,5650.145,2.402,Virginia,64.959,unclear,Urban,Apis mellifera,388,169336,
05042022_82_C8_1,5652.547,,Virginia,64.959,unclear,Urban,Apis mellifera,388,169408,
03252022_11_C3_2,1968.633,2.236,SLU,65.183,anther contact,Urban,Apis mellifera,2,59001,
03252022_11_C3_2,1970.869,,SLU,65.183,anther contact,Urban,Apis mellifera,2,59068,
03252022_11_C3_2,1983.482,0.4,SLU,65.183,anther contact,Urban,Apis mellifera,2,59446,
03252022_11_C3_2,1983.882,,SLU,65.183,anther contact,Urban,Apis mellifera,2,59458,
03252022_11_C3_2,1965.63,19.92,SLU,65.183,land,Urban,Apis mellifera,2,58911,
03252022_11_C3_2,1985.55,,SLU,65.183,leave,Urban,Apis mellifera,2,59508,
03252022_11_C3_2,1983.181,0.301,SLU,65.183,scraping,Urban,Apis mellifera,2,59437,
03252022_11_C3_2,1983.482,,SLU,65.183,scraping,Urban,Apis mellifera,2,59446,
03252022_11_C3_2,1965.63,2.937,SLU,65.183,unclear,Urban,Apis mellifera,2,58911,
03252022_11_C3_2,1968.567,,SLU,65.183,unclear,Urban,Apis mellifera,2,58999,
03252022_11_C3_2,1970.902,12.279,SLU,65.183,unclear,Urban,Apis mellifera,2,59069,
03252022_11_C3_2,1983.181,,SLU,65.183,unclear,Urban,Apis mellifera,2,59437,
03252022_11_C3_2,1983.882,1.635,SLU,65.183,unclear,Urban,Apis mellifera,2,59458,
03252022_11_C3_2,1985.517,,SLU,65.183,unclear,Urban,Apis mellifera,2,59507,
03252022_12_C2_1,5689.05,0.601,SLU,65.183,anther contact,Urban,Apis mellifera,3,170502,
03252022_12_C2_1,5689.651,,SLU,65.183,anther contact,Urban,Apis mellifera,3,170520,
03252022_12_C2_1,5693.188,3.269,SLU,65.183,anther contact,Urban,Apis mellifera,3,170626,
03252022_12_C2_1,5696.457,,SLU,65.183,anther contact,Urban,Apis mellifera,3,170724,
03252022_12_C2_1,5697.392,0.433,SLU,65.183,anther contact,Urban,Apis mellifera,3,170752,
03252022_12_C2_1,5697.825,,SLU,65.183,anther contact,Urban,Apis mellifera,3,170765,
03252022_12_C2_1,5696.491,0.901,SLU,65.183,head frontal PER,Urban,Apis mellifera,3,170725,
03252022_12_C2_1,5697.392,,SLU,65.183,head frontal PER,Urban,Apis mellifera,3,170752,
03252022_12_C2_1,5688.85,9.009,SLU,65.183,land,Urban,Apis mellifera,3,170496,
03252022_12_C2_1,5697.859,,SLU,65.183,leave,Urban,Apis mellifera,3,170766,
03252022_12_C2_1,5689.651,3.537,SLU,65.183,scraping,Urban,Apis mellifera,3,170520,
03252022_12_C2_1,5693.188,,SLU,65.183,scraping,Urban,Apis mellifera,3,170626,
03252022_12_C2_2,572.439,0.867,SLU,65.183,anther contact,Urban,Apis mellifera,4,17157,
03252022_12_C2_2,573.306,,SLU,65.183,anther contact,Urban,Apis mellifera,4,17183,
03252022_12_C2_2,573.44,0.567,SLU,65.183,anther contact,Urban,Apis mellifera,4,17187,
03252022_12_C2_2,574.007,,SLU,65.183,anther contact,Urban,Apis mellifera,4,17204,
03252022_12_C2_2,572.439,1.601,SLU,65.183,land,Urban,Apis mellifera,4,17157,
03252022_12_C2_2,574.04,,SLU,65.183,leave,Urban,Apis mellifera,4,17205,
03252022_12_C2_2,573.306,0.134,SLU,65.183,rubbing body,Urban,Apis mellifera,4,17183,
03252022_12_C2_2,573.44,,SLU,65.183,rubbing body,Urban,Apis mellifera,4,17187,
03252022_12_C3_1,5779.741,1.902,SLU,65.183,anther contact,Urban,Apis mellifera,6,173220,behavior hard to tell because so far away and mostly behind petals
03252022_12_C3_1,5781.643,,SLU,65.183,anther contact,Urban,Apis mellifera,6,173277,behavior hard to tell because so far away and mostly behind petals
03252022_12_C3_1,5783.111,0.634,SLU,65.183,anther contact,Urban,Apis mellifera,6,173321,behavior hard to tell because so far away and mostly behind petals
03252022_12_C3_1,5783.745,,SLU,65.183,anther contact,Urban,Apis mellifera,6,173340,behavior hard to tell because so far away and mostly behind petals
03252022_12_C3_1,5770.999,16.216,SLU,65.183,land,Urban,Apis mellifera,6,172958,behavior hard to tell because so far away and mostly behind petals
03252022_12_C3_1,5787.215,,SLU,65.183,leave,Urban,Apis mellifera,6,173444,behavior hard to tell because so far away and mostly behind petals
03252022_12_C3_1,5773.868,1.135,SLU,65.183,scraping,Urban,Apis mellifera,6,173044,behavior hard to tell because so far away and mostly behind petals
03252022_12_C3_1,5775.003,,SLU,65.183,scraping,Urban,Apis mellifera,6,173078,behavior hard to tell because so far away and mostly behind petals
03252022_12_C3_1,5775.603,1.402,SLU,65.183,scraping,Urban,Apis mellifera,6,173096,behavior hard to tell because so far away and mostly behind petals
03252022_12_C3_1,5777.005,,SLU,65.183,scraping,Urban,Apis mellifera,6,173138,behavior hard to tell because so far away and mostly behind petals
03252022_12_C3_1,5777.705,2.036,SLU,65.183,scraping,Urban,Apis mellifera,6,173159,behavior hard to tell because so far away and mostly behind petals
03252022_12_C3_1,5779.741,,SLU,65.183,scraping,Urban,Apis mellifera,6,173220,behavior hard to tell because so far away and mostly behind petals
03252022_12_C3_1,5781.643,0.767,SLU,65.183,scraping,Urban,Apis mellifera,6,173277,behavior hard to tell because so far away and mostly behind petals
03252022_12_C3_1,5782.41,,SLU,65.183,scraping,Urban,Apis mellifera,6,173300,behavior hard to tell because so far away and mostly behind petals
03252022_12_C3_1,5771.032,2.836,SLU,65.183,unclear,Urban,Apis mellifera,6,172959,behavior hard to tell because so far away and mostly behind petals
03252022_12_C3_1,5773.868,,SLU,65.183,unclear,Urban,Apis mellifera,6,173044,behavior hard to tell because so far away and mostly behind petals
03252022_12_C3_1,5775.003,0.6,SLU,65.183,unclear,Urban,Apis mellifera,6,173078,behavior hard to tell because so far away and mostly behind petals
03252022_12_C3_1,5775.603,,SLU,65.183,unclear,Urban,Apis mellifera,6,173096,behavior hard to tell because so far away and mostly behind petals
03252022_12_C3_1,5783.745,3.403,SLU,65.183,unclear,Urban,Apis mellifera,6,173340,behavior hard to tell because so far away and mostly behind petals
03252022_12_C3_1,5787.148,,SLU,65.183,unclear,Urban,Apis mellifera,6,173442,behavior hard to tell because so far away and mostly behind petals
03252022_12_C3_2,348.582,1.935,SLU,65.183,anther contact,Urban,Apis mellifera,8,10448,behavior hard to tell because so far away and mostly behind petals
03252022_12_C3_2,350.517,,SLU,65.183,anther contact,Urban,Apis mellifera,8,10506,behavior hard to tell because so far away and mostly behind petals
03252022_12_C3_2,348.315,2.235,SLU,65.183,land,Urban,Apis mellifera,8,10440,behavior hard to tell because so far away and mostly behind petals
03252022_12_C3_2,350.55,,SLU,65.183,leave,Urban,Apis mellifera,8,10507,behavior hard to tell because so far away and mostly behind petals
03252022_12_C3_2,348.315,2.202,SLU,65.183,unclear,Urban,Apis mellifera,8,10440,behavior hard to tell because so far away and mostly behind petals
03252022_12_C3_2,350.517,,SLU,65.183,unclear,Urban,Apis mellifera,8,10506,behavior hard to tell because so far away and mostly behind petals
03252022_43_C4_1,3090.387,0.668,SLU,65.183,anther contact,Urban,Apis mellifera,10,92620,
03252022_43_C4_1,3091.055,,SLU,65.183,anther contact,Urban,Apis mellifera,10,92640,
03252022_43_C4_1,3081.946,9.142,SLU,65.183,land,Urban,Apis mellifera,10,92367,
03252022_43_C4_1,3091.088,,SLU,65.183,leave,Urban,Apis mellifera,10,92641,
03252022_43_C4_1,3081.946,6.64,SLU,65.183,unclear,Urban,Apis mellifera,10,92367,
03252022_43_C4_1,3088.586,,SLU,65.183,unclear,Urban,Apis mellifera,10,92566,
03262022_E34_C3_1,1217.75,28.762,EarthDance,22.573,anther contact,Exurban,Apis mellifera,12,36497,a lot happening but extremely glitchy
03262022_E34_C3_1,1246.512,,EarthDance,22.573,anther contact,Exurban,Apis mellifera,12,37359,a lot happening but extremely glitchy
03262022_E34_C3_1,1217.016,88.488,EarthDance,22.573,land,Exurban,Apis mellifera,12,36475,a lot happening but extremely glitchy
03262022_E34_C3_1,1305.504,,EarthDance,22.573,leave,Exurban,Apis mellifera,12,39127,a lot happening but extremely glitchy
03262022_E34_C3_1,1218.05,87.454,EarthDance,22.573,unclear,Exurban,Apis mellifera,12,36506,a lot happening but extremely glitchy
03262022_E34_C3_1,1305.504,,EarthDance,22.573,unclear,Exurban,Apis mellifera,12,39127,a lot happening but extremely glitchy
03262022_E34_C3_2,1495.828,0.433,EarthDance,22.573,anther contact,Exurban,Apis mellifera,27,44831,
03262022_E34_C3_2,1496.261,,EarthDance,22.573,anther contact,Exurban,Apis mellifera,27,44844,
03262022_E34_C3_2,1496.762,0.5,EarthDance,22.573,anther contact,Exurban,Apis mellifera,27,44859,
03262022_E34_C3_2,1497.262,,EarthDance,22.573,anther contact,Exurban,Apis mellifera,27,44874,
03262022_E34_C3_2,1500.466,0.166,EarthDance,22.573,anther contact,Exurban,Apis mellifera,27,44970,
03262022_E34_C3_2,1500.632,,EarthDance,22.573,anther contact,Exurban,Apis mellifera,27,44975,
03262022_E34_C3_2,1500.699,0.334,EarthDance,22.573,anther contact,Exurban,Apis mellifera,27,44977,
03262022_E34_C3_2,1501.033,,EarthDance,22.573,anther contact,Exurban,Apis mellifera,27,44987,
03262022_E34_C3_2,1495.761,11.178,EarthDance,22.573,land,Exurban,Apis mellifera,27,44829,
03262022_E34_C3_2,1506.939,,EarthDance,22.573,leave,Exurban,Apis mellifera,27,45164,
03262022_E34_C3_2,1496.261,0.501,EarthDance,22.573,scraping,Exurban,Apis mellifera,27,44844,
03262022_E34_C3_2,1496.762,,EarthDance,22.573,scraping,Exurban,Apis mellifera,27,44859,
03262022_E34_C3_2,1501.033,0.133,EarthDance,22.573,scraping,Exurban,Apis mellifera,27,44987,
03262022_E34_C3_2,1501.166,,EarthDance,22.573,scraping,Exurban,Apis mellifera,27,44991,
03262022_E34_C3_2,1497.329,3.137,EarthDance,22.573,unclear,Exurban,Apis mellifera,27,44876,
03262022_E34_C3_2,1500.466,,EarthDance,22.573,unclear,Exurban,Apis mellifera,27,44970,
03262022_E34_C3_2,1501.133,5.806,EarthDance,22.573,unclear,Exurban,Apis mellifera,27,44990,
03262022_E34_C3_2,1506.939,,EarthDance,22.573,unclear,Exurban,Apis mellifera,27,45164,
03262022_E34_C3_2,1910.442,8.542,EarthDance,22.573,anther contact,Exurban,Apis mellifera,28,57257,
03262022_E34_C3_2,1918.984,,EarthDance,22.573,anther contact,Exurban,Apis mellifera,28,57513,
03262022_E34_C3_2,1919.951,1.268,EarthDance,22.573,anther contact,Exurban,Apis mellifera,28,57542,
03262022_E34_C3_2,1921.219,,EarthDance,22.573,anther contact,Exurban,Apis mellifera,28,57580,
03262022_E34_C3_2,1921.386,2.87,EarthDance,22.573,anther contact,Exurban,Apis mellifera,28,57585,
03262022_E34_C3_2,1924.256,,EarthDance,22.573,anther contact,Exurban,Apis mellifera,28,57671,
03262022_E34_C3_2,1926.792,1.668,EarthDance,22.573,anther contact,Exurban,Apis mellifera,28,57747,
03262022_E34_C3_2,1928.46,,EarthDance,22.573,anther contact,Exurban,Apis mellifera,28,57797,
03262022_E34_C3_2,1929.428,0.934,EarthDance,22.573,anther contact,Exurban,Apis mellifera,28,57826,
03262022_E34_C3_2,1930.362,,EarthDance,22.573,anther contact,Exurban,Apis mellifera,28,57854,
03262022_E34_C3_2,1940.839,2.035,EarthDance,22.573,anther contact,Exurban,Apis mellifera,28,58168,
03262022_E34_C3_2,1942.874,,EarthDance,22.573,anther contact,Exurban,Apis mellifera,28,58229,
03262022_E34_C3_2,1957.155,0.534,EarthDance,22.573,anther contact,Exurban,Apis mellifera,28,58657,
03262022_E34_C3_2,1957.689,,EarthDance,22.573,anther contact,Exurban,Apis mellifera,28,58673,
03262022_E34_C3_2,1892.924,74.508,EarthDance,22.573,land,Exurban,Apis mellifera,28,56732,
03262022_E34_C3_2,1967.432,,EarthDance,22.573,leave,Exurban,Apis mellifera,28,58965,
03262022_E34_C3_2,1898.797,1.969,EarthDance,22.573,scraping,Exurban,Apis mellifera,28,56908,
03262022_E34_C3_2,1900.766,,EarthDance,22.573,scraping,Exurban,Apis mellifera,28,56967,
03262022_E34_C3_2,1921.219,0.167,EarthDance,22.573,scraping,Exurban,Apis mellifera,28,57580,
03262022_E34_C3_2,1921.386,,EarthDance,22.573,scraping,Exurban,Apis mellifera,28,57585,
03262022_E34_C3_2,1924.256,2.536,EarthDance,22.573,scraping,Exurban,Apis mellifera,28,57671,
03262022_E34_C3_2,1926.792,,EarthDance,22.573,scraping,Exurban,Apis mellifera,28,57747,
03262022_E34_C3_2,1928.46,0.968,EarthDance,22.573,scraping,Exurban,Apis mellifera,28,57797,
03262022_E34_C3_2,1929.428,,EarthDance,22.573,scraping,Exurban,Apis mellifera,28,57826,
03262022_E34_C3_2,1950.682,1.235,EarthDance,22.573,scraping,Exurban,Apis mellifera,28,58463,
03262022_E34_C3_2,1951.917,,EarthDance,22.573,scraping,Exurban,Apis mellifera,28,58500,
03262022_E34_C3_2,1958.39,1.001,EarthDance,22.573,scraping,Exurban,Apis mellifera,28,58694,
03262022_E34_C3_2,1959.391,,EarthDance,22.573,scraping,Exurban,Apis mellifera,28,58724,
03262022_E34_C3_2,1893.058,5.739,EarthDance,22.573,unclear,Exurban,Apis mellifera,28,56736,
03262022_E34_C3_2,1898.797,,EarthDance,22.573,unclear,Exurban,Apis mellifera,28,56908,
03262022_E34_C3_2,1900.766,8.575,EarthDance,22.573,unclear,Exurban,Apis mellifera,28,56967,
03262022_E34_C3_2,1909.341,,EarthDance,22.573,unclear,Exurban,Apis mellifera,28,57224,
03262022_E34_C3_2,1930.362,10.477,EarthDance,22.573,unclear,Exurban,Apis mellifera,28,57854,
03262022_E34_C3_2,1940.839,,EarthDance,22.573,unclear,Exurban,Apis mellifera,28,58168,
03262022_E34_C3_2,1942.874,7.808,EarthDance,22.573,unclear,Exurban,Apis mellifera,28,58229,
03262022_E34_C3_2,1950.682,,EarthDance,22.573,unclear,Exurban,Apis mellifera,28,58463,
03262022_E34_C3_2,1951.917,5.238,EarthDance,22.573,unclear,Exurban,Apis mellifera,28,58500,
03262022_E34_C3_2,1957.155,,EarthDance,22.573,unclear,Exurban,Apis mellifera,28,58657,
03262022_E34_C3_2,1957.689,0.701,EarthDance,22.573,unclear,Exurban,Apis mellifera,28,58673,
03262022_E34_C3_2,1958.39,,EarthDance,22.573,unclear,Exurban,Apis mellifera,28,58694,
03262022_E34_C3_2,1959.391,7.974,EarthDance,22.573,unclear,Exurban,Apis mellifera,28,58724,
03262022_E34_C3_2,1967.365,,EarthDance,22.573,unclear,Exurban,Apis mellifera,28,58963,
03262022_E70_C7_1,4993.188,0.267,EarthDance,22.573,anther contact,Exurban,Apis mellifera,33,149647,
03262022_E70_C7_1,4993.455,,EarthDance,22.573,anther contact,Exurban,Apis mellifera,33,149655,
03262022_E70_C7_1,4994.423,0.967,EarthDance,22.573,anther contact,Exurban,Apis mellifera,33,149684,
03262022_E70_C7_1,4995.39,,EarthDance,22.573,anther contact,Exurban,Apis mellifera,33,149713,
03262022_E70_C7_1,4996.258,0.1,EarthDance,22.573,anther contact,Exurban,Apis mellifera,33,149739,
03262022_E70_C7_1,4996.358,,EarthDance,22.573,anther contact,Exurban,Apis mellifera,33,149742,
03262022_E70_C7_1,4999.428,0.333,EarthDance,22.573,anther contact,Exurban,Apis mellifera,33,149834,
03262022_E70_C7_1,4999.761,,EarthDance,22.573,anther contact,Exurban,Apis mellifera,33,149844,
03262022_E70_C7_1,4995.757,0.501,EarthDance,22.573,head frontal PER,Exurban,Apis mellifera,33,149724,
03262022_E70_C7_1,4996.258,,EarthDance,22.573,head frontal PER,Exurban,Apis mellifera,33,149739,
03262022_E70_C7_1,4992.988,6.907,EarthDance,22.573,land,Exurban,Apis mellifera,33,149641,
03262022_E70_C7_1,4999.895,,EarthDance,22.573,leave,Exurban,Apis mellifera,33,149848,
03262022_E70_C7_1,4995.39,0.367,EarthDance,22.573,rubbing body,Exurban,Apis mellifera,33,149713,
03262022_E70_C7_1,4995.757,,EarthDance,22.573,rubbing body,Exurban,Apis mellifera,33,149724,
03262022_E70_C7_1,4993.455,0.968,EarthDance,22.573,scraping,Exurban,Apis mellifera,33,149655,
03262022_E70_C7_1,4994.423,,EarthDance,22.573,scraping,Exurban,Apis mellifera,33,149684,
03262022_E70_C7_1,4996.358,3.07,EarthDance,22.573,scraping,Exurban,Apis mellifera,33,149742,
03262022_E70_C7_1,4999.428,,EarthDance,22.573,scraping,Exurban,Apis mellifera,33,149834,
03262022_E70_C7_1,6192.019,1.535,EarthDance,22.573,anther contact,Exurban,Apis mellifera,37,185576,
03262022_E70_C7_1,6193.554,,EarthDance,22.573,anther contact,Exurban,Apis mellifera,37,185622,
03262022_E70_C7_1,6193.954,0.701,EarthDance,22.573,anther contact,Exurban,Apis mellifera,37,185634,
03262022_E70_C7_1,6194.655,,EarthDance,22.573,anther contact,Exurban,Apis mellifera,37,185655,
03262022_E70_C7_1,6195.69,1.267,EarthDance,22.573,anther contact,Exurban,Apis mellifera,37,185686,
03262022_E70_C7_1,6196.957,,EarthDance,22.573,anther contact,Exurban,Apis mellifera,37,185724,
03262022_E70_C7_1,6199.193,0.901,EarthDance,22.573,anther contact,Exurban,Apis mellifera,37,185791,
03262022_E70_C7_1,6200.094,,EarthDance,22.573,anther contact,Exurban,Apis mellifera,37,185818,
03262022_E70_C7_1,6201.295,1.535,EarthDance,22.573,anther contact,Exurban,Apis mellifera,37,185854,
03262022_E70_C7_1,6202.83,,EarthDance,22.573,anther contact,Exurban,Apis mellifera,37,185900,
03262022_E70_C7_1,6204.432,0.467,EarthDance,22.573,anther contact,Exurban,Apis mellifera,37,185948,
03262022_E70_C7_1,6204.899,,EarthDance,22.573,anther contact,Exurban,Apis mellifera,37,185962,
03262022_E70_C7_1,6207.902,2.803,EarthDance,22.573,anther contact,Exurban,Apis mellifera,37,186052,
03262022_E70_C7_1,6210.705,,EarthDance,22.573,anther contact,Exurban,Apis mellifera,37,186136,
03262022_E70_C7_1,6211.439,0.6,EarthDance,22.573,anther contact,Exurban,Apis mellifera,37,186158,
03262022_E70_C7_1,6212.039,,EarthDance,22.573,anther contact,Exurban,Apis mellifera,37,186176,
03262022_E70_C7_1,6191.986,20.087,EarthDance,22.573,land,Exurban,Apis mellifera,37,185575,
03262022_E70_C7_1,6212.073,,EarthDance,22.573,leave,Exurban,Apis mellifera,37,186177,
03262022_E70_C7_1,6194.655,1.035,EarthDance,22.573,rubbing body,Exurban,Apis mellifera,37,185655,
03262022_E70_C7_1,6195.69,,EarthDance,22.573,rubbing body,Exurban,Apis mellifera,37,185686,
03262022_E70_C7_1,6193.554,0.4,EarthDance,22.573,scraping,Exurban,Apis mellifera,37,185622,
03262022_E70_C7_1,6193.954,,EarthDance,22.573,scraping,Exurban,Apis mellifera,37,185634,
03262022_E70_C7_1,6200.094,1.201,EarthDance,22.573,scraping,Exurban,Apis mellifera,37,185818,
03262022_E70_C7_1,6201.295,,EarthDance,22.573,scraping,Exurban,Apis mellifera,37,185854,
03262022_E70_C7_1,6202.83,1.602,EarthDance,22.573,scraping,Exurban,Apis mellifera,37,185900,
03262022_E70_C7_1,6204.432,,EarthDance,22.573,scraping,Exurban,Apis mellifera,37,185948,
03262022_E70_C7_1,6210.705,0.734,EarthDance,22.573,scraping,Exurban,Apis mellifera,37,186136,
03262022_E70_C7_1,6211.439,,EarthDance,22.573,scraping,Exurban,Apis mellifera,37,186158,
03262022_E70_C7_1,6196.957,2.203,EarthDance,22.573,unclear,Exurban,Apis mellifera,37,185724,
03262022_E70_C7_1,6199.16,,EarthDance,22.573,unclear,Exurban,Apis mellifera,37,185790,
03262022_E70_C7_1,6205.7,2.202,EarthDance,22.573,unclear,Exurban,Apis mellifera,37,185986,
03262022_E70_C7_1,6207.902,,EarthDance,22.573,unclear,Exurban,Apis mellifera,37,186052,
03262022_E70_C7_2,939.472,1.969,EarthDance,22.573,anther contact,Exurban,Apis mellifera,41,28156,
03262022_E70_C7_2,941.441,,EarthDance,22.573,anther contact,Exurban,Apis mellifera,41,28215,
03262022_E70_C7_2,941.774,0.1,EarthDance,22.573,anther contact,Exurban,Apis mellifera,41,28225,
03262022_E70_C7_2,941.874,,EarthDance,22.573,anther contact,Exurban,Apis mellifera,41,28228,
03262022_E70_C7_2,942.208,2.869,EarthDance,22.573,anther contact,Exurban,Apis mellifera,41,28238,
03262022_E70_C7_2,945.077,,EarthDance,22.573,anther contact,Exurban,Apis mellifera,41,28324,
03262022_E70_C7_2,936.936,8.208,EarthDance,22.573,land,Exurban,Apis mellifera,41,28080,
03262022_E70_C7_2,945.144,,EarthDance,22.573,leave,Exurban,Apis mellifera,41,28326,
03262022_E70_C7_2,941.441,0.333,EarthDance,22.573,scraping,Exurban,Apis mellifera,41,28215,
03262022_E70_C7_2,941.774,,EarthDance,22.573,scraping,Exurban,Apis mellifera,41,28225,
03262022_E70_C7_2,941.874,0.334,EarthDance,22.573,scraping,Exurban,Apis mellifera,41,28228,
03262022_E70_C7_2,942.208,,EarthDance,22.573,scraping,Exurban,Apis mellifera,41,28238,
03262022_E70_C7_2,943.176,1.901,EarthDance,22.573,unclear,Exurban,Apis mellifera,41,28267,
03262022_E70_C7_2,945.077,,EarthDance,22.573,unclear,Exurban,Apis mellifera,41,28324,
03262022_E74_C4_1,374.875,0.767,EarthDance,22.573,anther contact,Exurban,Apis mellifera,46,11236,
03262022_E74_C4_1,375.642,,EarthDance,22.573,anther contact,Exurban,Apis mellifera,46,11259,
03262022_E74_C4_1,376.309,0.2,EarthDance,22.573,anther contact,Exurban,Apis mellifera,46,11279,
03262022_E74_C4_1,376.509,,EarthDance,22.573,anther contact,Exurban,Apis mellifera,46,11285,
03262022_E74_C4_1,376.977,0.133,EarthDance,22.573,anther contact,Exurban,Apis mellifera,46,11299,
03262022_E74_C4_1,377.11,,EarthDance,22.573,anther contact,Exurban,Apis mellifera,46,11303,
03262022_E74_C4_1,382.415,0.401,EarthDance,22.573,anther contact,Exurban,Apis mellifera,46,11462,
03262022_E74_C4_1,382.816,,EarthDance,22.573,anther contact,Exurban,Apis mellifera,46,11474,
03262022_E74_C4_1,383.149,0.835,EarthDance,22.573,anther contact,Exurban,Apis mellifera,46,11484,
03262022_E74_C4_1,383.984,,EarthDance,22.573,anther contact,Exurban,Apis mellifera,46,11509,
03262022_E74_C4_1,384.584,0.301,EarthDance,22.573,anther contact,Exurban,Apis mellifera,46,11527,
03262022_E74_C4_1,384.885,,EarthDance,22.573,anther contact,Exurban,Apis mellifera,46,11536,
03262022_E74_C4_1,372.606,12.345,EarthDance,22.573,land,Exurban,Apis mellifera,46,11168,
03262022_E74_C4_1,384.951,,EarthDance,22.573,leave,Exurban,Apis mellifera,46,11538,
03262022_E74_C4_1,377.277,0.4,EarthDance,22.573,rubbing body,Exurban,Apis mellifera,46,11308,
03262022_E74_C4_1,377.677,,EarthDance,22.573,rubbing body,Exurban,Apis mellifera,46,11320,
03262022_E74_C4_1,375.642,0.667,EarthDance,22.573,scraping,Exurban,Apis mellifera,46,11259,
03262022_E74_C4_1,376.309,,EarthDance,22.573,scraping,Exurban,Apis mellifera,46,11279,
03262022_E74_C4_1,377.11,0.167,EarthDance,22.573,scraping,Exurban,Apis mellifera,46,11303,
03262022_E74_C4_1,377.277,,EarthDance,22.573,scraping,Exurban,Apis mellifera,46,11308,
03262022_E74_C4_1,377.677,4.738,EarthDance,22.573,scraping,Exurban,Apis mellifera,46,11320,
03262022_E74_C4_1,382.415,,EarthDance,22.573,scraping,Exurban,Apis mellifera,46,11462,
03262022_E74_C4_1,382.816,0.333,EarthDance,22.573,scraping,Exurban,Apis mellifera,46,11474,
03262022_E74_C4_1,383.149,,EarthDance,22.573,scraping,Exurban,Apis mellifera,46,11484,
03262022_E74_C4_1,383.984,0.6,EarthDance,22.573,scraping,Exurban,Apis mellifera,46,11509,
03262022_E74_C4_1,384.584,,EarthDance,22.573,scraping,Exurban,Apis mellifera,46,11527,
03262022_E74_C4_1,372.873,2.002,EarthDance,22.573,unclear,Exurban,Apis mellifera,46,11176,
03262022_E74_C4_1,374.875,,EarthDance,22.573,unclear,Exurban,Apis mellifera,46,11236,
03262022_E74_C4_1,2332.163,0.501,EarthDance,22.573,anther contact,Exurban,Apis mellifera,48,69896,index guide has visit listed longer but bee leaves for a bit and when it comes back not sure if its safe to assume its the same bee
03262022_E74_C4_1,2332.664,,EarthDance,22.573,anther contact,Exurban,Apis mellifera,48,69911,index guide has visit listed longer but bee leaves for a bit and when it comes back not sure if its safe to assume its the same bee
03262022_E74_C4_1,2333.264,0.668,EarthDance,22.573,anther contact,Exurban,Apis mellifera,48,69929,index guide has visit listed longer but bee leaves for a bit and when it comes back not sure if its safe to assume its the same bee
03262022_E74_C4_1,2333.932,,EarthDance,22.573,anther contact,Exurban,Apis mellifera,48,69949,index guide has visit listed longer but bee leaves for a bit and when it comes back not sure if its safe to assume its the same bee
03262022_E74_C4_1,2338.77,1.268,EarthDance,22.573,anther contact,Exurban,Apis mellifera,48,70094,index guide has visit listed longer but bee leaves for a bit and when it comes back not sure if its safe to assume its the same bee
03262022_E74_C4_1,2340.038,,EarthDance,22.573,anther contact,Exurban,Apis mellifera,48,70132,index guide has visit listed longer but bee leaves for a bit and when it comes back not sure if its safe to assume its the same bee
03262022_E74_C4_1,2346.144,0.634,EarthDance,22.573,anther contact,Exurban,Apis mellifera,48,70315,index guide has visit listed longer but bee leaves for a bit and when it comes back not sure if its safe to assume its the same bee
03262022_E74_C4_1,2346.778,,EarthDance,22.573,anther contact,Exurban,Apis mellifera,48,70334,index guide has visit listed longer but bee leaves for a bit and when it comes back not sure if its safe to assume its the same bee
03262022_E74_C4_1,2332.163,17.985,EarthDance,22.573,land,Exurban,Apis mellifera,48,69896,index guide has visit listed longer but bee leaves for a bit and when it comes back not sure if its safe to assume its the same bee
03262022_E74_C4_1,2350.148,,EarthDance,22.573,leave,Exurban,Apis mellifera,48,70435,index guide has visit listed longer but bee leaves for a bit and when it comes back not sure if its safe to assume its the same bee
03262022_E74_C4_1,2332.664,0.567,EarthDance,22.573,scraping,Exurban,Apis mellifera,48,69911,index guide has visit listed longer but bee leaves for a bit and when it comes back not sure if its safe to assume its the same bee
03262022_E74_C4_1,2333.231,,EarthDance,22.573,scraping,Exurban,Apis mellifera,48,69928,index guide has visit listed longer but bee leaves for a bit and when it comes back not sure if its safe to assume its the same bee
03262022_E74_C4_1,2333.932,4.838,EarthDance,22.573,scraping,Exurban,Apis mellifera,48,69949,index guide has visit listed longer but bee leaves for a bit and when it comes back not sure if its safe to assume its the same bee
03262022_E74_C4_1,2338.77,,EarthDance,22.573,scraping,Exurban,Apis mellifera,48,70094,index guide has visit listed longer but bee leaves for a bit and when it comes back not sure if its safe to assume its the same bee
03262022_E74_C4_1,2345.176,0.934,EarthDance,22.573,scraping,Exurban,Apis mellifera,48,70286,index guide has visit listed longer but bee leaves for a bit and when it comes back not sure if its safe to assume its the same bee
03262022_E74_C4_1,2346.11,,EarthDance,22.573,scraping,Exurban,Apis mellifera,48,70314,index guide has visit listed longer but bee leaves for a bit and when it comes back not sure if its safe to assume its the same bee
03262022_E74_C4_1,2340.972,4.204,EarthDance,22.573,unclear,Exurban,Apis mellifera,48,70160,index guide has visit listed longer but bee leaves for a bit and when it comes back not sure if its safe to assume its the same bee
03262022_E74_C4_1,2345.176,,EarthDance,22.573,unclear,Exurban,Apis mellifera,48,70286,index guide has visit listed longer but bee leaves for a bit and when it comes back not sure if its safe to assume its the same bee
03262022_E74_C4_1,2346.778,3.336,EarthDance,22.573,unclear,Exurban,Apis mellifera,48,70334,index guide has visit listed longer but bee leaves for a bit and when it comes back not sure if its safe to assume its the same bee
03262022_E74_C4_1,2350.114,,EarthDance,22.573,unclear,Exurban,Apis mellifera,48,70434,index guide has visit listed longer but bee leaves for a bit and when it comes back not sure if its safe to assume its the same bee
03262022_E74_C4_1,2701.566,0.166,EarthDance,22.573,anther contact,Exurban,Apis mellifera,49,80967,
03262022_E74_C4_1,2701.732,,EarthDance,22.573,anther contact,Exurban,Apis mellifera,49,80972,
03262022_E74_C4_1,2703.935,1.434,EarthDance,22.573,anther contact,Exurban,Apis mellifera,49,81038,
03262022_E74_C4_1,2705.369,,EarthDance,22.573,anther contact,Exurban,Apis mellifera,49,81081,
03262022_E74_C4_1,2706.804,0.534,EarthDance,22.573,anther contact,Exurban,Apis mellifera,49,81124,
03262022_E74_C4_1,2707.338,,EarthDance,22.573,anther contact,Exurban,Apis mellifera,49,81140,
03262022_E74_C4_1,2696.961,10.41,EarthDance,22.573,land,Exurban,Apis mellifera,49,80829,
03262022_E74_C4_1,2707.371,,EarthDance,22.573,leave,Exurban,Apis mellifera,49,81141,
03262022_E74_C4_1,2701.732,2.203,EarthDance,22.573,scraping,Exurban,Apis mellifera,49,80972,
03262022_E74_C4_1,2703.935,,EarthDance,22.573,scraping,Exurban,Apis mellifera,49,81038,
03262022_E74_C4_1,2705.369,1.435,EarthDance,22.573,scraping,Exurban,Apis mellifera,49,81081,
03262022_E74_C4_1,2706.804,,EarthDance,22.573,scraping,Exurban,Apis mellifera,49,81124,
03262022_E74_C4_1,2696.961,4.137,EarthDance,22.573,unclear,Exurban,Apis mellifera,49,80829,
03262022_E74_C4_1,2701.098,,EarthDance,22.573,unclear,Exurban,Apis mellifera,49,80953,
03262022_E74_C4_1,3355.419,3.403,EarthDance,22.573,land,Exurban,Apis mellifera,50,100563,
03262022_E74_C4_1,3358.822,,EarthDance,22.573,leave,Exurban,Apis mellifera,50,100665,
03262022_E74_C4_1,3356.119,1.335,EarthDance,22.573,scraping,Exurban,Apis mellifera,50,100584,
03262022_E74_C4_1,3357.454,,EarthDance,22.573,scraping,Exurban,Apis mellifera,50,100624,
03262022_E74_C4_1,3355.419,0.7,EarthDance,22.573,unclear,Exurban,Apis mellifera,50,100563,
03262022_E74_C4_1,3356.119,,EarthDance,22.573,unclear,Exurban,Apis mellifera,50,100584,
03262022_E74_C4_1,3357.454,1.235,EarthDance,22.573,unclear,Exurban,Apis mellifera,50,100624,
03262022_E74_C4_1,3358.689,,EarthDance,22.573,unclear,Exurban,Apis mellifera,50,100661,
03262022_E74_C4_1,3739.436,0.267,EarthDance,22.573,anther contact,Exurban,Apis mellifera,51,112072,good amount of time out of view and every time it landed on anthers it looked like no behavior was being exhibited
03262022_E74_C4_1,3739.703,,EarthDance,22.573,anther contact,Exurban,Apis mellifera,51,112080,good amount of time out of view and every time it landed on anthers it looked like no behavior was being exhibited
03262022_E74_C4_1,3742.339,0.901,EarthDance,22.573,anther contact,Exurban,Apis mellifera,51,112159,good amount of time out of view and every time it landed on anthers it looked like no behavior was being exhibited
03262022_E74_C4_1,3743.24,,EarthDance,22.573,anther contact,Exurban,Apis mellifera,51,112186,good amount of time out of view and every time it landed on anthers it looked like no behavior was being exhibited
03262022_E74_C4_1,3743.34,0.8,EarthDance,22.573,anther contact,Exurban,Apis mellifera,51,112189,good amount of time out of view and every time it landed on anthers it looked like no behavior was being exhibited
03262022_E74_C4_1,3744.14,,EarthDance,22.573,anther contact,Exurban,Apis mellifera,51,112213,good amount of time out of view and every time it landed on anthers it looked like no behavior was being exhibited
03262022_E74_C4_1,3745.709,0.333,EarthDance,22.573,anther contact,Exurban,Apis mellifera,51,112260,good amount of time out of view and every time it landed on anthers it looked like no behavior was being exhibited
03262022_E74_C4_1,3746.042,,EarthDance,22.573,anther contact,Exurban,Apis mellifera,51,112270,good amount of time out of view and every time it landed on anthers it looked like no behavior was being exhibited
03262022_E74_C4_1,3747.544,0.434,EarthDance,22.573,anther contact,Exurban,Apis mellifera,51,112315,good amount of time out of view and every time it landed on anthers it looked like no behavior was being exhibited
03262022_E74_C4_1,3747.978,,EarthDance,22.573,anther contact,Exurban,Apis mellifera,51,112328,good amount of time out of view and every time it landed on anthers it looked like no behavior was being exhibited
03262022_E74_C4_1,3748.278,0.167,EarthDance,22.573,anther contact,Exurban,Apis mellifera,51,112337,good amount of time out of view and every time it landed on anthers it looked like no behavior was being exhibited
03262022_E74_C4_1,3748.445,,EarthDance,22.573,anther contact,Exurban,Apis mellifera,51,112342,good amount of time out of view and every time it landed on anthers it looked like no behavior was being exhibited
03262022_E74_C4_1,3728.491,20.02,EarthDance,22.573,land,Exurban,Apis mellifera,51,111744,good amount of time out of view and every time it landed on anthers it looked like no behavior was being exhibited
03262022_E74_C4_1,3748.511,,EarthDance,22.573,leave,Exurban,Apis mellifera,51,112344,good amount of time out of view and every time it landed on anthers it looked like no behavior was being exhibited
03262022_E74_C4_1,3747.978,0.3,EarthDance,22.573,scraping,Exurban,Apis mellifera,51,112328,good amount of time out of view and every time it landed on anthers it looked like no behavior was being exhibited
03262022_E74_C4_1,3748.278,,EarthDance,22.573,scraping,Exurban,Apis mellifera,51,112337,good amount of time out of view and every time it landed on anthers it looked like no behavior was being exhibited
03262022_E74_C4_1,3730.46,8.876,EarthDance,22.573,unclear,Exurban,Apis mellifera,51,111803,good amount of time out of view and every time it landed on anthers it looked like no behavior was being exhibited
03262022_E74_C4_1,3739.336,,EarthDance,22.573,unclear,Exurban,Apis mellifera,51,112069,good amount of time out of view and every time it landed on anthers it looked like no behavior was being exhibited
03262022_E74_C4_1,3801.765,0.033,EarthDance,22.573,anther contact,Exurban,Apis mellifera,52,113940,
03262022_E74_C4_1,3801.798,,EarthDance,22.573,anther contact,Exurban,Apis mellifera,52,113941,
03262022_E74_C4_1,3803.5,0.5,EarthDance,22.573,anther contact,Exurban,Apis mellifera,52,113992,
03262022_E74_C4_1,3804,,EarthDance,22.573,anther contact,Exurban,Apis mellifera,52,114007,
03262022_E74_C4_1,3802.565,0.935,EarthDance,22.573,head frontal PER,Exurban,Apis mellifera,52,113964,
03262022_E74_C4_1,3803.5,,EarthDance,22.573,head frontal PER,Exurban,Apis mellifera,52,113992,
03262022_E74_C4_1,3797.894,8.776,EarthDance,22.573,land,Exurban,Apis mellifera,52,113824,
03262022_E74_C4_1,3806.67,,EarthDance,22.573,leave,Exurban,Apis mellifera,52,114087,
03262022_E74_C4_1,3801.831,0.734,EarthDance,22.573,scraping,Exurban,Apis mellifera,52,113942,
03262022_E74_C4_1,3802.565,,EarthDance,22.573,scraping,Exurban,Apis mellifera,52,113964,
03262022_E74_C4_1,3804,1.969,EarthDance,22.573,scraping,Exurban,Apis mellifera,52,114007,
03262022_E74_C4_1,3805.969,,EarthDance,22.573,scraping,Exurban,Apis mellifera,52,114066,
03262022_E74_C4_1,3798.261,1.902,EarthDance,22.573,unclear,Exurban,Apis mellifera,52,113835,
03262022_E74_C4_1,3800.163,,EarthDance,22.573,unclear,Exurban,Apis mellifera,52,113892,
03262022_E74_C4_1,3806.002,0.601,EarthDance,22.573,unclear,Exurban,Apis mellifera,52,114067,
03262022_E74_C4_1,3806.603,,EarthDance,22.573,unclear,Exurban,Apis mellifera,52,114085,
03262022_E74_C4_1,4272.101,1.301,EarthDance,22.573,anther contact,Exurban,Apis mellifera,53,128036,
03262022_E74_C4_1,4273.402,,EarthDance,22.573,anther contact,Exurban,Apis mellifera,53,128075,
03262022_E74_C4_1,4272.101,2.569,EarthDance,22.573,land,Exurban,Apis mellifera,53,128036,
03262022_E74_C4_1,4274.67,,EarthDance,22.573,leave,Exurban,Apis mellifera,53,128113,
03262022_E74_C4_1,4273.402,1.035,EarthDance,22.573,scraping,Exurban,Apis mellifera,53,128075,
03262022_E74_C4_1,4274.437,,EarthDance,22.573,scraping,Exurban,Apis mellifera,53,128106,
03262022_E74_C4_1,4562.925,0.3,EarthDance,22.573,anther contact,Exurban,Apis mellifera,54,136752,
03262022_E74_C4_1,4563.225,,EarthDance,22.573,anther contact,Exurban,Apis mellifera,54,136761,
03262022_E74_C4_1,4564.427,1.868,EarthDance,22.573,anther contact,Exurban,Apis mellifera,54,136797,
03262022_E74_C4_1,4566.295,,EarthDance,22.573,anther contact,Exurban,Apis mellifera,54,136853,
03262022_E74_C4_1,4566.729,0.3,EarthDance,22.573,anther contact,Exurban,Apis mellifera,54,136866,
03262022_E74_C4_1,4567.029,,EarthDance,22.573,anther contact,Exurban,Apis mellifera,54,136875,
03262022_E74_C4_1,4562.591,4.939,EarthDance,22.573,land,Exurban,Apis mellifera,54,136742,
03262022_E74_C4_1,4567.53,,EarthDance,22.573,leave,Exurban,Apis mellifera,54,136890,
03262022_E74_C4_1,4566.295,0.434,EarthDance,22.573,rubbing body,Exurban,Apis mellifera,54,136853,
03262022_E74_C4_1,4566.729,,EarthDance,22.573,rubbing body,Exurban,Apis mellifera,54,136866,
03262022_E74_C4_1,4563.225,1.202,EarthDance,22.573,scraping,Exurban,Apis mellifera,54,136761,
03262022_E74_C4_1,4564.427,,EarthDance,22.573,scraping,Exurban,Apis mellifera,54,136797,
03262022_E74_C4_1,4579.175,3.103,EarthDance,22.573,land,Exurban,Apis mellifera,55,137239,briefly lands out of sight
03262022_E74_C4_1,4582.278,,EarthDance,22.573,leave,Exurban,Apis mellifera,55,137332,briefly lands out of sight
03262022_E74_C4_1,4579.175,3.036,EarthDance,22.573,unclear,Exurban,Apis mellifera,55,137239,briefly lands out of sight
03262022_E74_C4_1,4582.211,,EarthDance,22.573,unclear,Exurban,Apis mellifera,55,137330,briefly lands out of sight
03262022_E74_C4_1,4878.207,5.639,EarthDance,22.573,land,Exurban,Apis mellifera,56,146201,
03262022_E74_C4_1,4883.846,,EarthDance,22.573,leave,Exurban,Apis mellifera,56,146370,
03262022_E74_C4_1,4878.207,5.605,EarthDance,22.573,unclear,Exurban,Apis mellifera,56,146201,
03262022_E74_C4_1,4883.812,,EarthDance,22.573,unclear,Exurban,Apis mellifera,56,146369,
03262022_E74_C4_1,5534.629,0.267,EarthDance,22.573,anther contact,Exurban,Apis mellifera,57,165874,
03262022_E74_C4_1,5534.896,,EarthDance,22.573,anther contact,Exurban,Apis mellifera,57,165882,
03262022_E74_C4_1,5536.464,1.902,EarthDance,22.573,anther contact,Exurban,Apis mellifera,57,165929,
03262022_E74_C4_1,5538.366,,EarthDance,22.573,anther contact,Exurban,Apis mellifera,57,165986,
03262022_E74_C4_1,5539.467,3.871,EarthDance,22.573,anther contact,Exurban,Apis mellifera,57,166019,
03262022_E74_C4_1,5543.338,,EarthDance,22.573,anther contact,Exurban,Apis mellifera,57,166135,
03262022_E74_C4_1,5544.472,3.07,EarthDance,22.573,anther contact,Exurban,Apis mellifera,57,166169,
03262022_E74_C4_1,5547.542,,EarthDance,22.573,anther contact,Exurban,Apis mellifera,57,166261,
03262022_E74_C4_1,5549.377,0.501,EarthDance,22.573,anther contact,Exurban,Apis mellifera,57,166316,
03262022_E74_C4_1,5549.878,,EarthDance,22.573,anther contact,Exurban,Apis mellifera,57,166331,
03262022_E74_C4_1,5534.929,1.535,EarthDance,22.573,head frontal PER,Exurban,Apis mellifera,57,165883,
03262022_E74_C4_1,5536.464,,EarthDance,22.573,head frontal PER,Exurban,Apis mellifera,57,165929,
03262022_E74_C4_1,5534.462,15.449,EarthDance,22.573,land,Exurban,Apis mellifera,57,165869,
03262022_E74_C4_1,5549.911,,EarthDance,22.573,leave,Exurban,Apis mellifera,57,166332,
03262022_E74_C4_1,5543.338,1.134,EarthDance,22.573,rubbing body,Exurban,Apis mellifera,57,166135,
03262022_E74_C4_1,5544.472,,EarthDance,22.573,rubbing body,Exurban,Apis mellifera,57,166169,
03262022_E74_C4_1,5547.542,1.835,EarthDance,22.573,scraping,Exurban,Apis mellifera,57,166261,
03262022_E74_C4_1,5549.377,,EarthDance,22.573,scraping,Exurban,Apis mellifera,57,166316,
03262022_E74_C4_1,6711.638,0.134,EarthDance,22.573,anther contact,Exurban,Apis mellifera,63,201149,
03262022_E74_C4_1,6711.772,,EarthDance,22.573,anther contact,Exurban,Apis mellifera,63,201153,
03262022_E74_C4_1,6711.638,1.135,EarthDance,22.573,land,Exurban,Apis mellifera,63,201149,
03262022_E74_C4_1,6712.773,,EarthDance,22.573,leave,Exurban,Apis mellifera,63,201183,
03262022_E74_C4_1,6711.772,0.934,EarthDance,22.573,scraping,Exurban,Apis mellifera,63,201153,
03262022_E74_C4_1,6712.706,,EarthDance,22.573,scraping,Exurban,Apis mellifera,63,201181,
04012022_11_C8_1,6652.98,11.077,SLU,65.183,anther contact,Urban,Apis mellifera,69,199391,
04012022_11_C8_1,6664.057,,SLU,65.183,anther contact,Urban,Apis mellifera,69,199723,
04012022_11_C8_1,6667.261,0.333,SLU,65.183,anther contact,Urban,Apis mellifera,69,199819,
04012022_11_C8_1,6667.594,,SLU,65.183,anther contact,Urban,Apis mellifera,69,199829,
04012022_11_C8_1,6667.761,0.2,SLU,65.183,anther contact,Urban,Apis mellifera,69,199834,
04012022_11_C8_1,6667.961,,SLU,65.183,anther contact,Urban,Apis mellifera,69,199840,
04012022_11_C8_1,6668.228,1.168,SLU,65.183,anther contact,Urban,Apis mellifera,69,199848,
04012022_11_C8_1,6669.396,,SLU,65.183,anther contact,Urban,Apis mellifera,69,199883,
04012022_11_C8_1,6672.266,5.338,SLU,65.183,anther contact,Urban,Apis mellifera,69,199969,
04012022_11_C8_1,6677.604,,SLU,65.183,anther contact,Urban,Apis mellifera,69,200129,
04012022_11_C8_1,6678.739,11.378,SLU,65.183,anther contact,Urban,Apis mellifera,69,200163,
04012022_11_C8_1,6690.117,,SLU,65.183,anther contact,Urban,Apis mellifera,69,200504,
04012022_11_C8_1,6664.057,3.204,SLU,65.183,head frontal PER,Urban,Apis mellifera,69,199723,
04012022_11_C8_1,6667.261,,SLU,65.183,head frontal PER,Urban,Apis mellifera,69,199819,
04012022_11_C8_1,6667.961,0.267,SLU,65.183,head frontal PER,Urban,Apis mellifera,69,199840,
04012022_11_C8_1,6668.228,,SLU,65.183,head frontal PER,Urban,Apis mellifera,69,199848,
04012022_11_C8_1,6669.396,2.87,SLU,65.183,head side PER,Urban,Apis mellifera,69,199883,
04012022_11_C8_1,6672.266,,SLU,65.183,head side PER,Urban,Apis mellifera,69,199969,
04012022_11_C8_1,6652.412,37.772,SLU,65.183,land,Urban,Apis mellifera,69,199374,
04012022_11_C8_1,6690.184,,SLU,65.183,leave,Urban,Apis mellifera,69,200506,
04012022_11_C8_1,6667.594,0.167,SLU,65.183,scraping,Urban,Apis mellifera,69,199829,
04012022_11_C8_1,6667.761,,SLU,65.183,scraping,Urban,Apis mellifera,69,199834,
04012022_11_C8_1,6653.113,10.11,SLU,65.183,unclear,Urban,Apis mellifera,69,199395,
04012022_11_C8_1,6663.223,,SLU,65.183,unclear,Urban,Apis mellifera,69,199698,
04012022_11_C8_1,6677.604,1.135,SLU,65.183,unclear,Urban,Apis mellifera,69,200129,
04012022_11_C8_1,6678.739,,SLU,65.183,unclear,Urban,Apis mellifera,69,200163,
04012022_11_C8_1,6682.242,7.875,SLU,65.183,unclear,Urban,Apis mellifera,69,200268,
04012022_11_C8_1,6690.117,,SLU,65.183,unclear,Urban,Apis mellifera,69,200504,
04012022_11_C8_1,6857.617,0.201,SLU,65.183,anther contact,Urban,Apis mellifera,70,205524,
04012022_11_C8_1,6857.818,,SLU,65.183,anther contact,Urban,Apis mellifera,70,205530,
04012022_11_C8_1,6859.72,1.201,SLU,65.183,anther contact,Urban,Apis mellifera,70,205587,
04012022_11_C8_1,6860.921,,SLU,65.183,anther contact,Urban,Apis mellifera,70,205623,
04012022_11_C8_1,6861.855,10.811,SLU,65.183,anther contact,Urban,Apis mellifera,70,205651,
04012022_11_C8_1,6872.666,,SLU,65.183,anther contact,Urban,Apis mellifera,70,205975,
04012022_11_C8_1,6874.768,0.667,SLU,65.183,anther contact,Urban,Apis mellifera,70,206038,
04012022_11_C8_1,6875.435,,SLU,65.183,anther contact,Urban,Apis mellifera,70,206058,
04012022_11_C8_1,6884.644,0.868,SLU,65.183,anther contact,Urban,Apis mellifera,70,206334,
04012022_11_C8_1,6885.512,,SLU,65.183,anther contact,Urban,Apis mellifera,70,206360,
04012022_11_C8_1,6886.646,0.367,SLU,65.183,anther contact,Urban,Apis mellifera,70,206394,
04012022_11_C8_1,6887.013,,SLU,65.183,anther contact,Urban,Apis mellifera,70,206405,
04012022_11_C8_1,6887.547,3.871,SLU,65.183,anther contact,Urban,Apis mellifera,70,206421,
04012022_11_C8_1,6891.418,,SLU,65.183,anther contact,Urban,Apis mellifera,70,206537,
04012022_11_C8_1,6872.666,2.102,SLU,65.183,head frontal PER,Urban,Apis mellifera,70,205975,
04012022_11_C8_1,6874.768,,SLU,65.183,head frontal PER,Urban,Apis mellifera,70,206038,
04012022_11_C8_1,6887.013,0.534,SLU,65.183,head side PER,Urban,Apis mellifera,70,206405,
04012022_11_C8_1,6887.547,,SLU,65.183,head side PER,Urban,Apis mellifera,70,206421,
04012022_11_C8_1,6857.517,33.934,SLU,65.183,land,Urban,Apis mellifera,70,205521,
04012022_11_C8_1,6891.451,,SLU,65.183,leave,Urban,Apis mellifera,70,206538,
04012022_11_C8_1,6857.818,1.902,SLU,65.183,scraping,Urban,Apis mellifera,70,205530,
04012022_11_C8_1,6859.72,,SLU,65.183,scraping,Urban,Apis mellifera,70,205587,
04012022_11_C8_1,6860.921,0.934,SLU,65.183,scraping,Urban,Apis mellifera,70,205623,
04012022_11_C8_1,6861.855,,SLU,65.183,scraping,Urban,Apis mellifera,70,205651,
04012022_11_C8_1,6863.156,7.241,SLU,65.183,unclear,Urban,Apis mellifera,70,205690,
04012022_11_C8_1,6870.397,,SLU,65.183,unclear,Urban,Apis mellifera,70,205907,
04012022_11_C8_1,6875.435,9.209,SLU,65.183,unclear,Urban,Apis mellifera,70,206058,
04012022_11_C8_1,6884.644,,SLU,65.183,unclear,Urban,Apis mellifera,70,206334,
04012022_11_C8_1,6889.216,0.567,SLU,65.183,unclear,Urban,Apis mellifera,70,206471,
04012022_11_C8_1,6889.783,,SLU,65.183,unclear,Urban,Apis mellifera,70,206488,
04012022_11_C8_1,6949.009,2.402,SLU,65.183,anther contact,Urban,Apis mellifera,71,208263,
04012022_11_C8_1,6951.411,,SLU,65.183,anther contact,Urban,Apis mellifera,71,208335,
04012022_11_C8_1,6948.975,2.47,SLU,65.183,land,Urban,Apis mellifera,71,208262,
04012022_11_C8_1,6951.445,,SLU,65.183,leave,Urban,Apis mellifera,71,208336,
04012022_11_C8_1,7832.958,0.534,SLU,65.183,anther contact,Urban,Apis mellifera,72,234755,
04012022_11_C8_1,7833.492,,SLU,65.183,anther contact,Urban,Apis mellifera,72,234771,
04012022_11_C8_1,7835.461,0.567,SLU,65.183,anther contact,Urban,Apis mellifera,72,234830,
04012022_11_C8_1,7836.028,,SLU,65.183,anther contact,Urban,Apis mellifera,72,234847,
04012022_11_C8_1,7842.034,0.868,SLU,65.183,anther contact,Urban,Apis mellifera,72,235027,
04012022_11_C8_1,7842.902,,SLU,65.183,anther contact,Urban,Apis mellifera,72,235053,
04012022_11_C8_1,7833.526,1.935,SLU,65.183,head frontal PER,Urban,Apis mellifera,72,234772,
04012022_11_C8_1,7835.461,,SLU,65.183,head frontal PER,Urban,Apis mellifera,72,234830,
04012022_11_C8_1,7827.52,15.582,SLU,65.183,land,Urban,Apis mellifera,72,234592,
04012022_11_C8_1,7843.102,,SLU,65.183,leave,Urban,Apis mellifera,72,235059,
04012022_11_C8_1,7827.52,5.438,SLU,65.183,unclear,Urban,Apis mellifera,72,234592,
04012022_11_C8_1,7832.958,,SLU,65.183,unclear,Urban,Apis mellifera,72,234755,
04012022_11_C8_1,7833.492,0.034,SLU,65.183,unclear,Urban,Apis mellifera,72,234771,
04012022_11_C8_1,7833.526,,SLU,65.183,unclear,Urban,Apis mellifera,72,234772,
04012022_11_C8_1,7836.028,6.006,SLU,65.183,unclear,Urban,Apis mellifera,72,234847,
04012022_11_C8_1,7842.034,,SLU,65.183,unclear,Urban,Apis mellifera,72,235027,
04012022_29_C3_1,5145.14,5.239,SLU,65.183,land,Urban,Apis mellifera,73,154201,"crawls out of frame and don't see leave so marked as ""leave"" when i couldnt see it anymore"
04012022_29_C3_1,5150.379,,SLU,65.183,leave,Urban,Apis mellifera,73,154358,"crawls out of frame and don't see leave so marked as ""leave"" when i couldnt see it anymore"
04012022_29_C3_1,5145.14,5.239,SLU,65.183,unclear,Urban,Apis mellifera,73,154201,"crawls out of frame and don't see leave so marked as ""leave"" when i couldnt see it anymore"
04012022_29_C3_1,5150.379,,SLU,65.183,unclear,Urban,Apis mellifera,73,154358,"crawls out of frame and don't see leave so marked as ""leave"" when i couldnt see it anymore"
04012022_48_C6_1,7496.99,2.035,SLU,65.183,anther contact,Urban,Apis mellifera,75,224686,
04012022_48_C6_1,7499.025,,SLU,65.183,anther contact,Urban,Apis mellifera,75,224747,
04012022_48_C6_1,7500.727,3.303,SLU,65.183,anther contact,Urban,Apis mellifera,75,224798,
04012022_48_C6_1,7504.03,,SLU,65.183,anther contact,Urban,Apis mellifera,75,224897,
04012022_48_C6_1,7504.364,0.333,SLU,65.183,anther contact,Urban,Apis mellifera,75,224907,
04012022_48_C6_1,7504.697,,SLU,65.183,anther contact,Urban,Apis mellifera,75,224917,
04012022_48_C6_1,7505.431,1.368,SLU,65.183,anther contact,Urban,Apis mellifera,75,224939,
04012022_48_C6_1,7506.799,,SLU,65.183,anther contact,Urban,Apis mellifera,75,224980,
04012022_48_C6_1,7510.269,1.335,SLU,65.183,anther contact,Urban,Apis mellifera,75,225084,
04012022_48_C6_1,7511.604,,SLU,65.183,anther contact,Urban,Apis mellifera,75,225124,
04012022_48_C6_1,7513.406,0.434,SLU,65.183,anther contact,Urban,Apis mellifera,75,225178,
04012022_48_C6_1,7513.84,,SLU,65.183,anther contact,Urban,Apis mellifera,75,225191,
04012022_48_C6_1,7514.107,1.034,SLU,65.183,anther contact,Urban,Apis mellifera,75,225199,
04012022_48_C6_1,7515.141,,SLU,65.183,anther contact,Urban,Apis mellifera,75,225230,
04012022_48_C6_1,7527.12,1.935,SLU,65.183,anther contact,Urban,Apis mellifera,75,225589,
04012022_48_C6_1,7529.055,,SLU,65.183,anther contact,Urban,Apis mellifera,75,225647,
04012022_48_C6_1,7499.025,1.702,SLU,65.183,head frontal PER,Urban,Apis mellifera,75,224747,
04012022_48_C6_1,7500.727,,SLU,65.183,head frontal PER,Urban,Apis mellifera,75,224798,
04012022_48_C6_1,7504.697,0.734,SLU,65.183,head frontal PER,Urban,Apis mellifera,75,224917,
04012022_48_C6_1,7505.431,,SLU,65.183,head frontal PER,Urban,Apis mellifera,75,224939,
04012022_48_C6_1,7507.8,1.001,SLU,65.183,head side PER,Urban,Apis mellifera,75,225010,
04012022_48_C6_1,7508.801,,SLU,65.183,head side PER,Urban,Apis mellifera,75,225040,
04012022_48_C6_1,7496.99,32.098,SLU,65.183,land,Urban,Apis mellifera,75,224686,
04012022_48_C6_1,7529.088,,SLU,65.183,leave,Urban,Apis mellifera,75,225648,
04012022_48_C6_1,7506.799,1.001,SLU,65.183,unclear,Urban,Apis mellifera,75,224980,
04012022_48_C6_1,7507.8,,SLU,65.183,unclear,Urban,Apis mellifera,75,225010,
04012022_48_C6_1,7508.801,1.468,SLU,65.183,unclear,Urban,Apis mellifera,75,225040,
04012022_48_C6_1,7510.269,,SLU,65.183,unclear,Urban,Apis mellifera,75,225084,
04012022_48_C6_1,7512.238,1.168,SLU,65.183,unclear,Urban,Apis mellifera,75,225143,
04012022_48_C6_1,7513.406,,SLU,65.183,unclear,Urban,Apis mellifera,75,225178,
04012022_48_C6_1,7513.84,0.267,SLU,65.183,unclear,Urban,Apis mellifera,75,225191,
04012022_48_C6_1,7514.107,,SLU,65.183,unclear,Urban,Apis mellifera,75,225199,
04012022_48_C6_1,7515.141,11.912,SLU,65.183,unclear,Urban,Apis mellifera,75,225230,
04012022_48_C6_1,7527.053,,SLU,65.183,unclear,Urban,Apis mellifera,75,225587,
04012022_48_C6_1,7699.625,0.701,SLU,65.183,anther contact,Urban,Apis mellifera,76,230759,
04012022_48_C6_1,7700.326,,SLU,65.183,anther contact,Urban,Apis mellifera,76,230780,
04012022_48_C6_1,7703.262,1.669,SLU,65.183,anther contact,Urban,Apis mellifera,76,230868,
04012022_48_C6_1,7704.931,,SLU,65.183,anther contact,Urban,Apis mellifera,76,230918,
04012022_48_C6_1,7706.899,1.301,SLU,65.183,anther contact,Urban,Apis mellifera,76,230977,
04012022_48_C6_1,7708.2,,SLU,65.183,anther contact,Urban,Apis mellifera,76,231016,
04012022_48_C6_1,7703.062,0.2,SLU,65.183,head frontal PER,Urban,Apis mellifera,76,230862,
04012022_48_C6_1,7703.262,,SLU,65.183,head frontal PER,Urban,Apis mellifera,76,230868,
04012022_48_C6_1,7701.961,1.101,SLU,65.183,head side PER,Urban,Apis mellifera,76,230829,
04012022_48_C6_1,7703.062,,SLU,65.183,head side PER,Urban,Apis mellifera,76,230862,
04012022_48_C6_1,7704.931,1.968,SLU,65.183,head side PER,Urban,Apis mellifera,76,230918,
04012022_48_C6_1,7706.899,,SLU,65.183,head side PER,Urban,Apis mellifera,76,230977,
04012022_48_C6_1,7699.625,9.81,SLU,65.183,land,Urban,Apis mellifera,76,230759,
04012022_48_C6_1,7709.435,,SLU,65.183,leave,Urban,Apis mellifera,76,231053,
04012022_48_C6_1,7700.159,0.167,SLU,65.183,rubbing body,Urban,Apis mellifera,76,230775,
04012022_48_C6_1,7700.326,,SLU,65.183,rubbing body,Urban,Apis mellifera,76,230780,
04012022_48_C6_1,7708.2,1.235,SLU,65.183,unclear,Urban,Apis mellifera,76,231016,
04012022_48_C6_1,7709.435,,SLU,65.183,unclear,Urban,Apis mellifera,76,231053,
04012022_48_C6_1,7882.775,1.868,SLU,65.183,anther contact,Urban,Apis mellifera,77,236248,"crawls out of frame when ""leaves"""
04012022_48_C6_1,7884.643,,SLU,65.183,anther contact,Urban,Apis mellifera,77,236304,"crawls out of frame when ""leaves"""
04012022_48_C6_1,7887.646,4.238,SLU,65.183,anther contact,Urban,Apis mellifera,77,236394,"crawls out of frame when ""leaves"""
04012022_48_C6_1,7891.884,,SLU,65.183,anther contact,Urban,Apis mellifera,77,236521,"crawls out of frame when ""leaves"""
04012022_48_C6_1,7906.365,1.468,SLU,65.183,anther contact,Urban,Apis mellifera,77,236955,"crawls out of frame when ""leaves"""
04012022_48_C6_1,7907.833,,SLU,65.183,anther contact,Urban,Apis mellifera,77,236999,"crawls out of frame when ""leaves"""
04012022_48_C6_1,7909.034,0.601,SLU,65.183,anther contact,Urban,Apis mellifera,77,237035,"crawls out of frame when ""leaves"""
04012022_48_C6_1,7909.635,,SLU,65.183,anther contact,Urban,Apis mellifera,77,237053,"crawls out of frame when ""leaves"""
04012022_48_C6_1,7915.975,0.934,SLU,65.183,anther contact,Urban,Apis mellifera,77,237243,"crawls out of frame when ""leaves"""
04012022_48_C6_1,7916.909,,SLU,65.183,anther contact,Urban,Apis mellifera,77,237271,"crawls out of frame when ""leaves"""
04012022_48_C6_1,7909.635,2.836,SLU,65.183,body side PER,Urban,Apis mellifera,77,237053,"crawls out of frame when ""leaves"""
04012022_48_C6_1,7912.471,,SLU,65.183,body side PER,Urban,Apis mellifera,77,237138,"crawls out of frame when ""leaves"""
04012022_48_C6_1,7884.643,3.003,SLU,65.183,head frontal PER,Urban,Apis mellifera,77,236304,"crawls out of frame when ""leaves"""
04012022_48_C6_1,7887.646,,SLU,65.183,head frontal PER,Urban,Apis mellifera,77,236394,"crawls out of frame when ""leaves"""
04012022_48_C6_1,7913.873,2.102,SLU,65.183,head side PER,Urban,Apis mellifera,77,237180,"crawls out of frame when ""leaves"""
04012022_48_C6_1,7915.975,,SLU,65.183,head side PER,Urban,Apis mellifera,77,237243,"crawls out of frame when ""leaves"""
04012022_48_C6_1,7882.775,34.301,SLU,65.183,land,Urban,Apis mellifera,77,236248,"crawls out of frame when ""leaves"""
04012022_48_C6_1,7917.076,,SLU,65.183,leave,Urban,Apis mellifera,77,237276,"crawls out of frame when ""leaves"""
04012022_48_C6_1,7891.884,13.614,SLU,65.183,unclear,Urban,Apis mellifera,77,236521,"crawls out of frame when ""leaves"""
04012022_48_C6_1,7905.498,,SLU,65.183,unclear,Urban,Apis mellifera,77,236929,"crawls out of frame when ""leaves"""
04012022_48_C6_1,7916.909,0.133,SLU,65.183,unclear,Urban,Apis mellifera,77,237271,"crawls out of frame when ""leaves"""
04012022_48_C6_1,7917.042,,SLU,65.183,unclear,Urban,Apis mellifera,77,237275,"crawls out of frame when ""leaves"""
04042022_163_C7_1,6043.437,1.135,Kellogg,57.649,anther contact,Suburban,Apis mellifera,78,181123,
04042022_163_C7_1,6044.572,,Kellogg,57.649,anther contact,Suburban,Apis mellifera,78,181157,
04042022_163_C7_1,6018.846,23.39,Kellogg,57.649,body side PER,Suburban,Apis mellifera,78,180386,
04042022_163_C7_1,6042.236,,Kellogg,57.649,body side PER,Suburban,Apis mellifera,78,181087,
04042022_163_C7_1,6018.045,26.66,Kellogg,57.649,land,Suburban,Apis mellifera,78,180362,
04042022_163_C7_1,6044.705,,Kellogg,57.649,leave,Suburban,Apis mellifera,78,181161,
04122022_28_C4_1,2605.102,0.267,EarthDance,22.573,anther contact,Exurban,Bombus bimaculatus ,149,78076,
04122022_28_C4_1,2605.369,,EarthDance,22.573,anther contact,Exurban,Bombus bimaculatus ,149,78084,
04122022_28_C4_1,2605.703,0.234,EarthDance,22.573,anther contact,Exurban,Bombus bimaculatus ,149,78094,
04122022_28_C4_1,2605.937,,EarthDance,22.573,anther contact,Exurban,Bombus bimaculatus ,149,78101,
04122022_28_C4_1,2606.537,0.034,EarthDance,22.573,anther contact,Exurban,Bombus bimaculatus ,149,78119,
04122022_28_C4_1,2606.571,,EarthDance,22.573,anther contact,Exurban,Bombus bimaculatus ,149,78120,
04122022_28_C4_1,2605.102,4.538,EarthDance,22.573,land,Exurban,Bombus bimaculatus ,149,78076,
04122022_28_C4_1,2609.64,,EarthDance,22.573,leave,Exurban,Bombus bimaculatus ,149,78212,
04122022_28_C4_1,2605.403,0.3,EarthDance,22.573,scraping,Exurban,Bombus bimaculatus ,149,78085,
04122022_28_C4_1,2605.703,,EarthDance,22.573,scraping,Exurban,Bombus bimaculatus ,149,78094,
04122022_28_C4_1,2607.004,0.468,EarthDance,22.573,scraping,Exurban,Bombus bimaculatus ,149,78133,
04122022_28_C4_1,2607.472,,EarthDance,22.573,scraping,Exurban,Bombus bimaculatus ,149,78147,
04122022_28_C4_1,2606.571,0.433,EarthDance,22.573,unclear,Exurban,Bombus bimaculatus ,149,78120,
04122022_28_C4_1,2607.004,,EarthDance,22.573,unclear,Exurban,Bombus bimaculatus ,149,78133,
04122022_28_C4_1,2607.505,2.102,EarthDance,22.573,unclear,Exurban,Bombus bimaculatus ,149,78148,
04122022_28_C4_1,2609.607,,EarthDance,22.573,unclear,Exurban,Bombus bimaculatus ,149,78211,
04292022_110_C4_1,1385.017,0.667,Carondelet,54.085,anther contact,Urban,Bombus bimaculatus ,no ID 1,41510,
04292022_110_C4_1,1385.684,,Carondelet,54.085,anther contact,Urban,Bombus bimaculatus ,no ID 1,41530,
04292022_110_C4_1,1385.818,0.167,Carondelet,54.085,anther contact,Urban,Bombus bimaculatus ,no ID 1,41534,
04292022_110_C4_1,1385.985,,Carondelet,54.085,anther contact,Urban,Bombus bimaculatus ,no ID 1,41539,
04292022_110_C4_1,1386.218,0.167,Carondelet,54.085,anther contact,Urban,Bombus bimaculatus ,no ID 1,41546,
04292022_110_C4_1,1386.385,,Carondelet,54.085,anther contact,Urban,Bombus bimaculatus ,no ID 1,41551,
04292022_110_C4_1,1393.826,0.801,Carondelet,54.085,anther contact,Urban,Bombus bimaculatus ,no ID 1,41774,
04292022_110_C4_1,1394.627,,Carondelet,54.085,anther contact,Urban,Bombus bimaculatus ,no ID 1,41798,
04292022_110_C4_1,1395.194,0.233,Carondelet,54.085,anther contact,Urban,Bombus bimaculatus ,no ID 1,41815,
04292022_110_C4_1,1395.427,,Carondelet,54.085,anther contact,Urban,Bombus bimaculatus ,no ID 1,41822,
04292022_110_C4_1,1403.302,1.234,Carondelet,54.085,anther contact,Urban,Bombus bimaculatus ,no ID 1,42058,
04292022_110_C4_1,1404.536,,Carondelet,54.085,anther contact,Urban,Bombus bimaculatus ,no ID 1,42095,
04292022_110_C4_1,1386.719,4.037,Carondelet,54.085,head frontal PER,Urban,Bombus bimaculatus ,no ID 1,41561,
04292022_110_C4_1,1390.756,,Carondelet,54.085,head frontal PER,Urban,Bombus bimaculatus ,no ID 1,41682,
04292022_110_C4_1,1391.724,2.035,Carondelet,54.085,head frontal PER,Urban,Bombus bimaculatus ,no ID 1,41711,
04292022_110_C4_1,1393.759,,Carondelet,54.085,head frontal PER,Urban,Bombus bimaculatus ,no ID 1,41772,
04292022_110_C4_1,1382.047,24.291,Carondelet,54.085,land,Urban,Bombus bimaculatus ,no ID 1,41421,
04292022_110_C4_1,1406.338,,Carondelet,54.085,leave,Urban,Bombus bimaculatus ,no ID 1,42149,
04292022_110_C4_1,1402.468,0.834,Carondelet,54.085,pollinator combo,Urban,Bombus bimaculatus ,no ID 1,42033,
04292022_110_C4_1,1403.302,,Carondelet,54.085,pollinator combo,Urban,Bombus bimaculatus ,no ID 1,42058,
04292022_110_C4_1,1382.414,2.503,Carondelet,54.085,scraping,Urban,Bombus bimaculatus ,no ID 1,41432,
04292022_110_C4_1,1384.917,,Carondelet,54.085,scraping,Urban,Bombus bimaculatus ,no ID 1,41507,
04292022_110_C4_1,1386.018,0.167,Carondelet,54.085,scraping,Urban,Bombus bimaculatus ,no ID 1,41540,
04292022_110_C4_1,1386.185,,Carondelet,54.085,scraping,Urban,Bombus bimaculatus ,no ID 1,41545,
04292022_110_C4_1,1395.561,6.907,Carondelet,54.085,scraping,Urban,Bombus bimaculatus ,no ID 1,41826,
04292022_110_C4_1,1402.468,,Carondelet,54.085,scraping,Urban,Bombus bimaculatus ,no ID 1,42033,
04292022_110_C4_1,1404.737,1.601,Carondelet,54.085,unclear,Urban,Bombus bimaculatus ,no ID 1,42101,
04292022_110_C4_1,1406.338,,Carondelet,54.085,unclear,Urban,Bombus bimaculatus ,no ID 1,42149,
04122022_28_C4_1,2545.543,3.003,EarthDance,22.573,land,Exurban,Bombus griseocollis,148,76291,struttmann ID'd
04122022_28_C4_1,2548.546,,EarthDance,22.573,leave,Exurban,Bombus griseocollis,148,76381,struttmann ID'd
04122022_28_C4_1,2545.576,1.635,EarthDance,22.573,unclear,Exurban,Bombus griseocollis,148,76292,struttmann ID'd
04122022_28_C4_1,2547.211,,EarthDance,22.573,unclear,Exurban,Bombus griseocollis,148,76341,struttmann ID'd
04122022_28_C4_1,2547.678,0.067,EarthDance,22.573,unclear,Exurban,Bombus griseocollis,148,76355,struttmann ID'd
04122022_28_C4_1,2547.745,,EarthDance,22.573,unclear,Exurban,Bombus griseocollis,148,76357,struttmann ID'd
04122022_28_C4_1,2547.745,0.668,EarthDance,22.573,unclear,Exurban,Bombus griseocollis,148,76357,struttmann ID'd
04122022_28_C4_1,2548.413,,EarthDance,22.573,unclear,Exurban,Bombus griseocollis,148,76377,struttmann ID'd
04122022_28_C4_1,2548.446,0.067,EarthDance,22.573,unclear,Exurban,Bombus griseocollis,148,76378,struttmann ID'd
04122022_28_C4_1,2548.513,,EarthDance,22.573,unclear,Exurban,Bombus griseocollis,148,76380,struttmann ID'd
04162022_87_C5_1,6033.761,0.267,Virginia,64.959,anther contact,Urban,Colletes,177,180832,very hairy
04162022_87_C5_1,6034.028,,Virginia,64.959,anther contact,Urban,Colletes,177,180840,very hairy
04162022_87_C5_1,6037.031,0.133,Virginia,64.959,anther contact,Urban,Colletes,177,180930,very hairy
04162022_87_C5_1,6037.164,,Virginia,64.959,anther contact,Urban,Colletes,177,180934,very hairy
04162022_87_C5_1,6034.028,3.003,Virginia,64.959,head side PER,Urban,Colletes,177,180840,very hairy
04162022_87_C5_1,6037.031,,Virginia,64.959,head side PER,Urban,Colletes,177,180930,very hairy
04162022_87_C5_1,6033.761,3.904,Virginia,64.959,land,Urban,Colletes,177,180832,very hairy
04162022_87_C5_1,6037.665,,Virginia,64.959,leave,Urban,Colletes,177,180949,very hairy
04162022_87_C5_1,6040.334,0.334,Virginia,64.959,anther contact,Urban,Colletes,178,181029,very hairy
04162022_87_C5_1,6040.668,,Virginia,64.959,anther contact,Urban,Colletes,178,181039,very hairy
04162022_87_C5_1,6043.971,0.067,Virginia,64.959,anther contact,Urban,Colletes,178,181138,very hairy
04162022_87_C5_1,6044.038,,Virginia,64.959,anther contact,Urban,Colletes,178,181140,very hairy
04162022_87_C5_1,6040.668,3.303,Virginia,64.959,head side PER,Urban,Colletes,178,181039,very hairy
04162022_87_C5_1,6043.971,,Virginia,64.959,head side PER,Urban,Colletes,178,181138,very hairy
04162022_87_C5_1,6040.334,3.704,Virginia,64.959,land,Urban,Colletes,178,181029,very hairy
04162022_87_C5_1,6044.038,,Virginia,64.959,leave,Urban,Colletes,178,181140,very hairy
04302022_230_C8_1,233.767,0.734,COLA,26.266,anther contact,Exurban,Colletes,367,7007,
04302022_230_C8_1,234.501,,COLA,26.266,anther contact,Exurban,Colletes,367,7029,
04302022_230_C8_1,239.406,2.102,COLA,26.266,anther contact,Exurban,Colletes,367,7176,
04302022_230_C8_1,241.508,,COLA,26.266,anther contact,Exurban,Colletes,367,7239,
04302022_230_C8_1,234.501,4.905,COLA,26.266,head frontal PER,Exurban,Colletes,367,7029,
04302022_230_C8_1,239.406,,COLA,26.266,head frontal PER,Exurban,Colletes,367,7176,
04302022_230_C8_1,232.065,9.443,COLA,26.266,land,Exurban,Colletes,367,6956,
04302022_230_C8_1,241.508,,COLA,26.266,leave,Exurban,Colletes,367,7239,
04292022_118_C3_1,1886.384,1.302,Carondelet,54.085,anther contact,Urban,Halictus,348,56536,
04292022_118_C3_1,1887.686,,Carondelet,54.085,anther contact,Urban,Halictus,348,56575,
04292022_118_C3_1,1928.059,7.441,Carondelet,54.085,anther contact,Urban,Halictus,348,57785,
04292022_118_C3_1,1935.5,,Carondelet,54.085,anther contact,Urban,Halictus,348,58008,
04292022_118_C3_1,1926.591,1.468,Carondelet,54.085,head frontal PER,Urban,Halictus,348,57741,
04292022_118_C3_1,1928.059,,Carondelet,54.085,head frontal PER,Urban,Halictus,348,57785,
04292022_118_C3_1,1884.916,52.253,Carondelet,54.085,land,Urban,Halictus,348,56492,
04292022_118_C3_1,1937.169,,Carondelet,54.085,leave,Urban,Halictus,348,58058,
04292022_118_C3_1,1887.686,7.474,Carondelet,54.085,scraping,Urban,Halictus,348,56575,
04292022_118_C3_1,1895.16,,Carondelet,54.085,scraping,Urban,Halictus,348,56799,
04292022_118_C3_1,1897.963,25.725,Carondelet,54.085,scraping,Urban,Halictus,348,56883,
04292022_118_C3_1,1923.688,,Carondelet,54.085,scraping,Urban,Halictus,348,57654,
04292022_118_C3_1,1895.16,2.803,Carondelet,54.085,unclear,Urban,Halictus,348,56799,
04292022_118_C3_1,1897.963,,Carondelet,54.085,unclear,Urban,Halictus,348,56883,
04292022_118_C3_1,1923.688,2.903,Carondelet,54.085,unclear,Urban,Halictus,348,57654,
04292022_118_C3_1,1926.591,,Carondelet,54.085,unclear,Urban,Halictus,348,57741,
04292022_118_C3_1,3775.438,0.968,Carondelet,54.085,anther contact,Urban,Halictus,350,113150,
04292022_118_C3_1,3776.406,,Carondelet,54.085,anther contact,Urban,Halictus,350,113179,
04292022_118_C3_1,3811.908,0.734,Carondelet,54.085,anther contact,Urban,Halictus,350,114243,
04292022_118_C3_1,3812.642,,Carondelet,54.085,anther contact,Urban,Halictus,350,114265,
04292022_118_C3_1,3774.271,42.642,Carondelet,54.085,land,Urban,Halictus,350,113115,
04292022_118_C3_1,3816.913,,Carondelet,54.085,leave,Urban,Halictus,350,114393,
04292022_118_C3_1,3782.345,2.369,Carondelet,54.085,pollinator combo,Urban,Halictus,350,113357,
04292022_118_C3_1,3784.714,,Carondelet,54.085,pollinator combo,Urban,Halictus,350,113428,
04292022_118_C3_1,3784.714,25.492,Carondelet,54.085,scraping,Urban,Halictus,350,113428,
04292022_118_C3_1,3810.206,,Carondelet,54.085,scraping,Urban,Halictus,350,114192,
04292022_118_C3_1,3814.344,1.768,Carondelet,54.085,scraping,Urban,Halictus,350,114316,
04292022_118_C3_1,3816.112,,Carondelet,54.085,scraping,Urban,Halictus,350,114369,
04292022_118_C3_1,3776.406,5.939,Carondelet,54.085,unclear,Urban,Halictus,350,113179,
04292022_118_C3_1,3782.345,,Carondelet,54.085,unclear,Urban,Halictus,350,113357,
04292022_118_C3_1,3812.642,1.702,Carondelet,54.085,unclear,Urban,Halictus,350,114265,
04292022_118_C3_1,3814.344,,Carondelet,54.085,unclear,Urban,Halictus,350,114316,
04292022_118_C3_1,3816.112,0.768,Carondelet,54.085,unclear,Urban,Halictus,350,114369,
04292022_118_C3_1,3816.88,,Carondelet,54.085,unclear,Urban,Halictus,350,114392,
04212022_145_C9_1,986.519,1.501,HLS,29.329,anther contact,Suburban,Lassioglossum,199,29567,"every time used ""rubbing face"" it was grabbing on with mandibles"
04212022_145_C9_1,988.02,,HLS,29.329,anther contact,Suburban,Lassioglossum,199,29612,"every time used ""rubbing face"" it was grabbing on with mandibles"
04212022_145_C9_1,988.221,0.333,HLS,29.329,anther contact,Suburban,Lassioglossum,199,29618,"every time used ""rubbing face"" it was grabbing on with mandibles"
04212022_145_C9_1,988.554,,HLS,29.329,anther contact,Suburban,Lassioglossum,199,29628,"every time used ""rubbing face"" it was grabbing on with mandibles"
04212022_145_C9_1,989.555,0.768,HLS,29.329,anther contact,Suburban,Lassioglossum,199,29658,"every time used ""rubbing face"" it was grabbing on with mandibles"
04212022_145_C9_1,990.323,,HLS,29.329,anther contact,Suburban,Lassioglossum,199,29681,"every time used ""rubbing face"" it was grabbing on with mandibles"
04212022_145_C9_1,992.792,1.501,HLS,29.329,anther contact,Suburban,Lassioglossum,199,29755,"every time used ""rubbing face"" it was grabbing on with mandibles"
04212022_145_C9_1,994.293,,HLS,29.329,anther contact,Suburban,Lassioglossum,199,29800,"every time used ""rubbing face"" it was grabbing on with mandibles"
04212022_145_C9_1,994.694,0.367,HLS,29.329,anther contact,Suburban,Lassioglossum,199,29812,"every time used ""rubbing face"" it was grabbing on with mandibles"
04212022_145_C9_1,995.061,,HLS,29.329,anther contact,Suburban,Lassioglossum,199,29823,"every time used ""rubbing face"" it was grabbing on with mandibles"
04212022_145_C9_1,995.928,0.768,HLS,29.329,anther contact,Suburban,Lassioglossum,199,29849,"every time used ""rubbing face"" it was grabbing on with mandibles"
04212022_145_C9_1,996.696,,HLS,29.329,anther contact,Suburban,Lassioglossum,199,29872,"every time used ""rubbing face"" it was grabbing on with mandibles"
04212022_145_C9_1,998.965,2.602,HLS,29.329,anther contact,Suburban,Lassioglossum,199,29940,"every time used ""rubbing face"" it was grabbing on with mandibles"
04212022_145_C9_1,1001.567,,HLS,29.329,anther contact,Suburban,Lassioglossum,199,30018,"every time used ""rubbing face"" it was grabbing on with mandibles"
04212022_145_C9_1,1002.435,0.5,HLS,29.329,anther contact,Suburban,Lassioglossum,199,30044,"every time used ""rubbing face"" it was grabbing on with mandibles"
04212022_145_C9_1,1002.935,,HLS,29.329,anther contact,Suburban,Lassioglossum,199,30059,"every time used ""rubbing face"" it was grabbing on with mandibles"
04212022_145_C9_1,1003.302,5.839,HLS,29.329,anther contact,Suburban,Lassioglossum,199,30070,"every time used ""rubbing face"" it was grabbing on with mandibles"
04212022_145_C9_1,1009.141,,HLS,29.329,anther contact,Suburban,Lassioglossum,199,30245,"every time used ""rubbing face"" it was grabbing on with mandibles"
04212022_145_C9_1,1018.885,1.034,HLS,29.329,anther contact,Suburban,Lassioglossum,199,30537,"every time used ""rubbing face"" it was grabbing on with mandibles"
04212022_145_C9_1,1019.919,,HLS,29.329,anther contact,Suburban,Lassioglossum,199,30568,"every time used ""rubbing face"" it was grabbing on with mandibles"
04212022_145_C9_1,1028.995,1.301,HLS,29.329,anther contact,Suburban,Lassioglossum,199,30840,"every time used ""rubbing face"" it was grabbing on with mandibles"
04212022_145_C9_1,1030.296,,HLS,29.329,anther contact,Suburban,Lassioglossum,199,30879,"every time used ""rubbing face"" it was grabbing on with mandibles"
04212022_145_C9_1,1030.796,9.61,HLS,29.329,anther contact,Suburban,Lassioglossum,199,30894,"every time used ""rubbing face"" it was grabbing on with mandibles"
04212022_145_C9_1,1040.406,,HLS,29.329,anther contact,Suburban,Lassioglossum,199,31182,"every time used ""rubbing face"" it was grabbing on with mandibles"
04212022_145_C9_1,1042.742,8.175,HLS,29.329,anther contact,Suburban,Lassioglossum,199,31252,"every time used ""rubbing face"" it was grabbing on with mandibles"
04212022_145_C9_1,1050.917,,HLS,29.329,anther contact,Suburban,Lassioglossum,199,31497,"every time used ""rubbing face"" it was grabbing on with mandibles"
04212022_145_C9_1,1052.418,2.97,HLS,29.329,anther contact,Suburban,Lassioglossum,199,31542,"every time used ""rubbing face"" it was grabbing on with mandibles"
04212022_145_C9_1,1055.388,,HLS,29.329,anther contact,Suburban,Lassioglossum,199,31631,"every time used ""rubbing face"" it was grabbing on with mandibles"
04212022_145_C9_1,1056.822,1.902,HLS,29.329,anther contact,Suburban,Lassioglossum,199,31674,"every time used ""rubbing face"" it was grabbing on with mandibles"
04212022_145_C9_1,1058.724,,HLS,29.329,anther contact,Suburban,Lassioglossum,199,31731,"every time used ""rubbing face"" it was grabbing on with mandibles"
04212022_145_C9_1,1063.029,6.239,HLS,29.329,anther contact,Suburban,Lassioglossum,199,31860,"every time used ""rubbing face"" it was grabbing on with mandibles"
04212022_145_C9_1,1069.268,,HLS,29.329,anther contact,Suburban,Lassioglossum,199,32047,"every time used ""rubbing face"" it was grabbing on with mandibles"
04212022_145_C9_1,1055.388,0.8,HLS,29.329,body side PER,Suburban,Lassioglossum,199,31631,"every time used ""rubbing face"" it was grabbing on with mandibles"
04212022_145_C9_1,1056.188,,HLS,29.329,body side PER,Suburban,Lassioglossum,199,31655,"every time used ""rubbing face"" it was grabbing on with mandibles"
04212022_145_C9_1,982.815,89.49,HLS,29.329,land,Suburban,Lassioglossum,199,29456,"every time used ""rubbing face"" it was grabbing on with mandibles"
04212022_145_C9_1,1072.305,,HLS,29.329,leave,Suburban,Lassioglossum,199,32138,"every time used ""rubbing face"" it was grabbing on with mandibles"
04212022_145_C9_1,1042.308,0.434,HLS,29.329,pollinator combo,Suburban,Lassioglossum,199,31239,"every time used ""rubbing face"" it was grabbing on with mandibles"
04212022_145_C9_1,1042.742,,HLS,29.329,pollinator combo,Suburban,Lassioglossum,199,31252,"every time used ""rubbing face"" it was grabbing on with mandibles"
04212022_145_C9_1,1060.626,0.467,HLS,29.329,pollinator combo,Suburban,Lassioglossum,199,31788,"every time used ""rubbing face"" it was grabbing on with mandibles"
04212022_145_C9_1,1061.093,,HLS,29.329,pollinator combo,Suburban,Lassioglossum,199,31802,"every time used ""rubbing face"" it was grabbing on with mandibles"
04212022_145_C9_1,995.061,0.867,HLS,29.329,rubbing face,Suburban,Lassioglossum,199,29823,"every time used ""rubbing face"" it was grabbing on with mandibles"
04212022_145_C9_1,995.928,,HLS,29.329,rubbing face,Suburban,Lassioglossum,199,29849,"every time used ""rubbing face"" it was grabbing on with mandibles"
04212022_145_C9_1,1030.296,0.5,HLS,29.329,rubbing face,Suburban,Lassioglossum,199,30879,"every time used ""rubbing face"" it was grabbing on with mandibles"
04212022_145_C9_1,1030.796,,HLS,29.329,rubbing face,Suburban,Lassioglossum,199,30894,"every time used ""rubbing face"" it was grabbing on with mandibles"
04212022_145_C9_1,1040.406,1.902,HLS,29.329,rubbing face,Suburban,Lassioglossum,199,31182,"every time used ""rubbing face"" it was grabbing on with mandibles"
04212022_145_C9_1,1042.308,,HLS,29.329,rubbing face,Suburban,Lassioglossum,199,31239,"every time used ""rubbing face"" it was grabbing on with mandibles"
04212022_145_C9_1,1058.724,1.902,HLS,29.329,rubbing face,Suburban,Lassioglossum,199,31731,"every time used ""rubbing face"" it was grabbing on with mandibles"
04212022_145_C9_1,1060.626,,HLS,29.329,rubbing face,Suburban,Lassioglossum,199,31788,"every time used ""rubbing face"" it was grabbing on with mandibles"
04212022_145_C9_1,1061.093,1.202,HLS,29.329,rubbing face,Suburban,Lassioglossum,199,31802,"every time used ""rubbing face"" it was grabbing on with mandibles"
04212022_145_C9_1,1062.295,,HLS,29.329,rubbing face,Suburban,Lassioglossum,199,31838,"every time used ""rubbing face"" it was grabbing on with mandibles"
04212022_145_C9_1,988.554,1.001,HLS,29.329,scraping,Suburban,Lassioglossum,199,29628,"every time used ""rubbing face"" it was grabbing on with mandibles"
04212022_145_C9_1,989.555,,HLS,29.329,scraping,Suburban,Lassioglossum,199,29658,"every time used ""rubbing face"" it was grabbing on with mandibles"
04212022_145_C9_1,990.323,2.469,HLS,29.329,scraping,Suburban,Lassioglossum,199,29681,"every time used ""rubbing face"" it was grabbing on with mandibles"
04212022_145_C9_1,992.792,,HLS,29.329,scraping,Suburban,Lassioglossum,199,29755,"every time used ""rubbing face"" it was grabbing on with mandibles"
04212022_145_C9_1,996.696,2.269,HLS,29.329,scraping,Suburban,Lassioglossum,199,29872,"every time used ""rubbing face"" it was grabbing on with mandibles"
04212022_145_C9_1,998.965,,HLS,29.329,scraping,Suburban,Lassioglossum,199,29940,"every time used ""rubbing face"" it was grabbing on with mandibles"
04212022_145_C9_1,1001.567,0.868,HLS,29.329,scraping,Suburban,Lassioglossum,199,30018,"every time used ""rubbing face"" it was grabbing on with mandibles"
04212022_145_C9_1,1002.435,,HLS,29.329,scraping,Suburban,Lassioglossum,199,30044,"every time used ""rubbing face"" it was grabbing on with mandibles"
04212022_145_C9_1,1002.935,0.367,HLS,29.329,scraping,Suburban,Lassioglossum,199,30059,"every time used ""rubbing face"" it was grabbing on with mandibles"
04212022_145_C9_1,1003.302,,HLS,29.329,scraping,Suburban,Lassioglossum,199,30070,"every time used ""rubbing face"" it was grabbing on with mandibles"
04212022_145_C9_1,1009.141,9.744,HLS,29.329,scraping,Suburban,Lassioglossum,199,30245,"every time used ""rubbing face"" it was grabbing on with mandibles"
04212022_145_C9_1,1018.885,,HLS,29.329,scraping,Suburban,Lassioglossum,199,30537,"every time used ""rubbing face"" it was grabbing on with mandibles"
04212022_145_C9_1,1019.919,9.076,HLS,29.329,scraping,Suburban,Lassioglossum,199,30568,"every time used ""rubbing face"" it was grabbing on with mandibles"
04212022_145_C9_1,1028.995,,HLS,29.329,scraping,Suburban,Lassioglossum,199,30840,"every time used ""rubbing face"" it was grabbing on with mandibles"
04212022_145_C9_1,1050.917,1.501,HLS,29.329,scraping,Suburban,Lassioglossum,199,31497,"every time used ""rubbing face"" it was grabbing on with mandibles"
04212022_145_C9_1,1052.418,,HLS,29.329,scraping,Suburban,Lassioglossum,199,31542,"every time used ""rubbing face"" it was grabbing on with mandibles"
04212022_145_C9_1,1062.295,0.734,HLS,29.329,stay,Suburban,Lassioglossum,199,31838,"every time used ""rubbing face"" it was grabbing on with mandibles"
04212022_145_C9_1,1063.029,,HLS,29.329,stay,Suburban,Lassioglossum,199,31860,"every time used ""rubbing face"" it was grabbing on with mandibles"
04212022_145_C9_1,988.02,0.201,HLS,29.329,tapping,Suburban,Lassioglossum,199,29612,"every time used ""rubbing face"" it was grabbing on with mandibles"
04212022_145_C9_1,988.221,,HLS,29.329,tapping,Suburban,Lassioglossum,199,29618,"every time used ""rubbing face"" it was grabbing on with mandibles"
04212022_145_C9_1,1144.143,0.667,HLS,29.329,anther contact,Suburban,Lassioglossum,200,34291,
04212022_145_C9_1,1144.81,,HLS,29.329,anther contact,Suburban,Lassioglossum,200,34311,
04212022_145_C9_1,1138.07,6.74,HLS,29.329,land,Suburban,Lassioglossum,200,34109,
04212022_145_C9_1,1144.81,,HLS,29.329,leave,Suburban,Lassioglossum,200,34311,
04222022_232_C10_1,706.573,2.869,COLA,26.266,body side PER,Exurban,Lassioglossum,215,21177,
04222022_232_C10_1,709.442,,COLA,26.266,body side PER,Exurban,Lassioglossum,215,21263,
04222022_232_C10_1,709.609,1.435,COLA,26.266,body side PER,Exurban,Lassioglossum,215,21268,
04222022_232_C10_1,711.044,,COLA,26.266,body side PER,Exurban,Lassioglossum,215,21311,
04222022_232_C10_1,711.544,0.401,COLA,26.266,body side PER,Exurban,Lassioglossum,215,21326,
04222022_232_C10_1,711.945,,COLA,26.266,body side PER,Exurban,Lassioglossum,215,21338,
04222022_232_C10_1,712.345,0.434,COLA,26.266,body side PER,Exurban,Lassioglossum,215,21350,
04222022_232_C10_1,712.779,,COLA,26.266,body side PER,Exurban,Lassioglossum,215,21363,
04222022_232_C10_1,713.947,1.101,COLA,26.266,body side PER,Exurban,Lassioglossum,215,21398,
04222022_232_C10_1,715.048,,COLA,26.266,body side PER,Exurban,Lassioglossum,215,21431,
04222022_232_C10_1,705.305,13.28,COLA,26.266,land,Exurban,Lassioglossum,215,21139,
04222022_232_C10_1,718.585,,COLA,26.266,leave,Exurban,Lassioglossum,215,21537,
04222022_232_C10_1,715.515,2.969,COLA,26.266,unclear,Exurban,Lassioglossum,215,21445,
04222022_232_C10_1,718.484,,COLA,26.266,unclear,Exurban,Lassioglossum,215,21534,
04232022_17_C1_1,5907.668,17.751,SLU,65.183,anther contact,Urban,Lassioglossum,226,177053,bee is so small and video is shaky its hard  to see what behaviors are being exhibited
04232022_17_C1_1,5925.419,,SLU,65.183,anther contact,Urban,Lassioglossum,226,177585,bee is so small and video is shaky its hard  to see what behaviors are being exhibited
04232022_17_C1_1,5926.32,4.738,SLU,65.183,anther contact,Urban,Lassioglossum,226,177612,bee is so small and video is shaky its hard  to see what behaviors are being exhibited
04232022_17_C1_1,5931.058,,SLU,65.183,anther contact,Urban,Lassioglossum,226,177754,bee is so small and video is shaky its hard  to see what behaviors are being exhibited
04232022_17_C1_1,5906.033,27.695,SLU,65.183,land,Urban,Lassioglossum,226,177004,bee is so small and video is shaky its hard  to see what behaviors are being exhibited
04232022_17_C1_1,5933.728,,SLU,65.183,leave,Urban,Lassioglossum,226,177834,bee is so small and video is shaky its hard  to see what behaviors are being exhibited
04232022_17_C1_1,5925.419,0.901,SLU,65.183,rubbing body,Urban,Lassioglossum,226,177585,bee is so small and video is shaky its hard  to see what behaviors are being exhibited
04232022_17_C1_1,5926.32,,SLU,65.183,rubbing body,Urban,Lassioglossum,226,177612,bee is so small and video is shaky its hard  to see what behaviors are being exhibited
04232022_17_C1_1,5946.908,1.668,SLU,65.183,anther contact,Urban,Lassioglossum,227,178229,bee is too small and far away to see what behaviors are being exhibited.. can tell that its on anthers but not sure what specific behavior
04232022_17_C1_1,5948.576,,SLU,65.183,anther contact,Urban,Lassioglossum,227,178279,bee is too small and far away to see what behaviors are being exhibited.. can tell that its on anthers but not sure what specific behavior
04232022_17_C1_1,5950.311,1.802,SLU,65.183,anther contact,Urban,Lassioglossum,227,178331,bee is too small and far away to see what behaviors are being exhibited.. can tell that its on anthers but not sure what specific behavior
04232022_17_C1_1,5952.113,,SLU,65.183,anther contact,Urban,Lassioglossum,227,178385,bee is too small and far away to see what behaviors are being exhibited.. can tell that its on anthers but not sure what specific behavior
04232022_17_C1_1,5954.949,22.656,SLU,65.183,anther contact,Urban,Lassioglossum,227,178470,bee is too small and far away to see what behaviors are being exhibited.. can tell that its on anthers but not sure what specific behavior
04232022_17_C1_1,5977.605,,SLU,65.183,anther contact,Urban,Lassioglossum,227,179149,bee is too small and far away to see what behaviors are being exhibited.. can tell that its on anthers but not sure what specific behavior
04232022_17_C1_1,5979.407,2.869,SLU,65.183,anther contact,Urban,Lassioglossum,227,179203,bee is too small and far away to see what behaviors are being exhibited.. can tell that its on anthers but not sure what specific behavior
04232022_17_C1_1,5982.276,,SLU,65.183,anther contact,Urban,Lassioglossum,227,179289,bee is too small and far away to see what behaviors are being exhibited.. can tell that its on anthers but not sure what specific behavior
04232022_17_C1_1,5939.534,42.742,SLU,65.183,land,Urban,Lassioglossum,227,178008,bee is too small and far away to see what behaviors are being exhibited.. can tell that its on anthers but not sure what specific behavior
04232022_17_C1_1,5982.276,,SLU,65.183,leave,Urban,Lassioglossum,227,179289,bee is too small and far away to see what behaviors are being exhibited.. can tell that its on anthers but not sure what specific behavior
04232022_17_C1_1,5943.404,3.504,SLU,65.183,unclear,Urban,Lassioglossum,227,178124,bee is too small and far away to see what behaviors are being exhibited.. can tell that its on anthers but not sure what specific behavior
04232022_17_C1_1,5946.908,,SLU,65.183,unclear,Urban,Lassioglossum,227,178229,bee is too small and far away to see what behaviors are being exhibited.. can tell that its on anthers but not sure what specific behavior
04272022_89_C9_2,4166.529,3.036,Virginia,64.959,anther contact,Urban,Lassioglossum,270,124871,
04272022_89_C9_2,4169.565,,Virginia,64.959,anther contact,Urban,Lassioglossum,270,124962,
04272022_89_C9_2,4164.66,1.335,Virginia,64.959,body side PER,Urban,Lassioglossum,270,124815,
04272022_89_C9_2,4165.995,,Virginia,64.959,body side PER,Urban,Lassioglossum,270,124855,
04272022_89_C9_2,4163.76,8.375,Virginia,64.959,land,Urban,Lassioglossum,270,124788,
04272022_89_C9_2,4172.135,,Virginia,64.959,leave,Urban,Lassioglossum,270,125039,
04292022_110_C4_1,5727.622,0.367,Carondelet,54.085,anther contact,Urban,Osmia,no ID 11,171658,
04292022_110_C4_1,5727.989,,Carondelet,54.085,anther contact,Urban,Osmia,no ID 11,171669,
04292022_110_C4_1,5733.761,0.334,Carondelet,54.085,anther contact,Urban,Osmia,no ID 11,171842,
04292022_110_C4_1,5734.095,,Carondelet,54.085,anther contact,Urban,Osmia,no ID 11,171852,
04292022_110_C4_1,5735.129,0.201,Carondelet,54.085,anther contact,Urban,Osmia,no ID 11,171883,
04292022_110_C4_1,5735.33,,Carondelet,54.085,anther contact,Urban,Osmia,no ID 11,171889,
04292022_110_C4_1,5739.133,0.234,Carondelet,54.085,anther contact,Urban,Osmia,no ID 11,172003,
04292022_110_C4_1,5739.367,,Carondelet,54.085,anther contact,Urban,Osmia,no ID 11,172010,
04292022_110_C4_1,5728.022,5.706,Carondelet,54.085,head side PER,Urban,Osmia,no ID 11,171670,
04292022_110_C4_1,5733.728,,Carondelet,54.085,head side PER,Urban,Osmia,no ID 11,171841,
04292022_110_C4_1,5727.589,11.811,Carondelet,54.085,land,Urban,Osmia,no ID 11,171657,
04292022_110_C4_1,5739.4,,Carondelet,54.085,leave,Urban,Osmia,no ID 11,172011,
04292022_110_C4_1,5735.363,3.737,Carondelet,54.085,unclear,Urban,Osmia,no ID 11,171890,
04292022_110_C4_1,5739.1,,Carondelet,54.085,unclear,Urban,Osmia,no ID 11,172002,
04292022_110_C4_1,6330.024,0.467,Carondelet,54.085,anther contact,Urban,Osmia,no ID 12,189712,
04292022_110_C4_1,6330.491,,Carondelet,54.085,anther contact,Urban,Osmia,no ID 12,189726,
04292022_110_C4_1,6333.961,0.1,Carondelet,54.085,anther contact,Urban,Osmia,no ID 12,189830,
04292022_110_C4_1,6334.061,,Carondelet,54.085,anther contact,Urban,Osmia,no ID 12,189833,
04292022_110_C4_1,6330.524,3.404,Carondelet,54.085,head frontal PER,Urban,Osmia,no ID 12,189727,
04292022_110_C4_1,6333.928,,Carondelet,54.085,head frontal PER,Urban,Osmia,no ID 12,189829,
04292022_110_C4_1,6329.99,4.104,Carondelet,54.085,land,Urban,Osmia,no ID 12,189711,
04292022_110_C4_1,6334.094,,Carondelet,54.085,leave,Urban,Osmia,no ID 12,189834,
04272022_252_C10_1,5087.583,4.871,Rustic Roots,16.489,anther contact,Exurban,Ptilothrix bombiformis,250,152476,body too long and narrow to be carpenter bee
04272022_252_C10_1,5092.454,,Rustic Roots,16.489,anther contact,Exurban,Ptilothrix bombiformis,250,152622,body too long and narrow to be carpenter bee
04272022_252_C10_1,5092.754,0.968,Rustic Roots,16.489,anther contact,Exurban,Ptilothrix bombiformis,250,152631,body too long and narrow to be carpenter bee
04272022_252_C10_1,5093.722,,Rustic Roots,16.489,anther contact,Exurban,Ptilothrix bombiformis,250,152660,body too long and narrow to be carpenter bee
04272022_252_C10_1,5101.763,0.401,Rustic Roots,16.489,anther contact,Exurban,Ptilothrix bombiformis,250,152901,body too long and narrow to be carpenter bee
04272022_252_C10_1,5102.164,,Rustic Roots,16.489,anther contact,Exurban,Ptilothrix bombiformis,250,152913,body too long and narrow to be carpenter bee
04272022_252_C10_1,5092.487,0.267,Rustic Roots,16.489,head frontal PER,Exurban,Ptilothrix bombiformis,250,152623,body too long and narrow to be carpenter bee
04272022_252_C10_1,5092.754,,Rustic Roots,16.489,head frontal PER,Exurban,Ptilothrix bombiformis,250,152631,body too long and narrow to be carpenter bee
04272022_252_C10_1,5087.583,14.647,Rustic Roots,16.489,land,Exurban,Ptilothrix bombiformis,250,152476,body too long and narrow to be carpenter bee
04272022_252_C10_1,5102.23,,Rustic Roots,16.489,leave,Exurban,Ptilothrix bombiformis,250,152915,body too long and narrow to be carpenter bee
04272022_252_C10_1,5090.619,1.835,Rustic Roots,16.489,unclear,Exurban,Ptilothrix bombiformis,250,152567,body too long and narrow to be carpenter bee
04272022_252_C10_1,5092.454,,Rustic Roots,16.489,unclear,Exurban,Ptilothrix bombiformis,250,152622,body too long and narrow to be carpenter bee
04272022_252_C10_1,5093.789,0.167,Rustic Roots,16.489,unclear,Exurban,Ptilothrix bombiformis,250,152662,body too long and narrow to be carpenter bee
04272022_252_C10_1,5093.956,,Rustic Roots,16.489,unclear,Exurban,Ptilothrix bombiformis,250,152667,body too long and narrow to be carpenter bee
04272022_252_C10_1,5094.423,7.34,Rustic Roots,16.489,unclear,Exurban,Ptilothrix bombiformis,250,152681,body too long and narrow to be carpenter bee
04272022_252_C10_1,5101.763,,Rustic Roots,16.489,unclear,Exurban,Ptilothrix bombiformis,250,152901,body too long and narrow to be carpenter bee
04272022_252_C10_1,5787.181,0.167,Rustic Roots,16.489,anther contact,Exurban,Ptilothrix bombiformis,252,173443,body too long and narrow to be carpenter bee
04272022_252_C10_1,5787.348,,Rustic Roots,16.489,anther contact,Exurban,Ptilothrix bombiformis,252,173448,body too long and narrow to be carpenter bee
04272022_252_C10_1,5797.692,0.767,Rustic Roots,16.489,anther contact,Exurban,Ptilothrix bombiformis,252,173758,body too long and narrow to be carpenter bee
04272022_252_C10_1,5798.459,,Rustic Roots,16.489,anther contact,Exurban,Ptilothrix bombiformis,252,173781,body too long and narrow to be carpenter bee
04272022_252_C10_1,5788.216,9.443,Rustic Roots,16.489,head frontal PER,Exurban,Ptilothrix bombiformis,252,173474,body too long and narrow to be carpenter bee
04272022_252_C10_1,5797.659,,Rustic Roots,16.489,head frontal PER,Exurban,Ptilothrix bombiformis,252,173757,body too long and narrow to be carpenter bee
04272022_252_C10_1,5787.181,12.379,Rustic Roots,16.489,land,Exurban,Ptilothrix bombiformis,252,173443,body too long and narrow to be carpenter bee
04272022_252_C10_1,5799.56,,Rustic Roots,16.489,leave,Exurban,Ptilothrix bombiformis,252,173814,body too long and narrow to be carpenter bee
04272022_252_C10_1,5787.348,0.868,Rustic Roots,16.489,unclear,Exurban,Ptilothrix bombiformis,252,173448,body too long and narrow to be carpenter bee
04272022_252_C10_1,5788.216,,Rustic Roots,16.489,unclear,Exurban,Ptilothrix bombiformis,252,173474,body too long and narrow to be carpenter bee
04272022_252_C10_1,5789.884,0.3,Rustic Roots,16.489,unclear,Exurban,Ptilothrix bombiformis,252,173524,body too long and narrow to be carpenter bee
04272022_252_C10_1,5790.184,,Rustic Roots,16.489,unclear,Exurban,Ptilothrix bombiformis,252,173533,body too long and narrow to be carpenter bee
04272022_252_C10_1,5790.551,2.203,Rustic Roots,16.489,unclear,Exurban,Ptilothrix bombiformis,252,173544,body too long and narrow to be carpenter bee
04272022_252_C10_1,5792.754,,Rustic Roots,16.489,unclear,Exurban,Ptilothrix bombiformis,252,173610,body too long and narrow to be carpenter bee
04272022_252_C10_1,5797.492,0.133,Rustic Roots,16.489,unclear,Exurban,Ptilothrix bombiformis,252,173752,body too long and narrow to be carpenter bee
04272022_252_C10_1,5797.625,,Rustic Roots,16.489,unclear,Exurban,Ptilothrix bombiformis,252,173756,body too long and narrow to be carpenter bee
04272022_252_C10_1,5797.925,0.201,Rustic Roots,16.489,unclear,Exurban,Ptilothrix bombiformis,252,173765,body too long and narrow to be carpenter bee
04272022_252_C10_1,5798.126,,Rustic Roots,16.489,unclear,Exurban,Ptilothrix bombiformis,252,173771,body too long and narrow to be carpenter bee
04272022_252_C10_1,5798.559,0.935,Rustic Roots,16.489,unclear,Exurban,Ptilothrix bombiformis,252,173784,body too long and narrow to be carpenter bee
04272022_252_C10_1,5799.494,,Rustic Roots,16.489,unclear,Exurban,Ptilothrix bombiformis,252,173812,body too long and narrow to be carpenter bee
04272022_252_C10_1,5830.992,0.767,Rustic Roots,16.489,anther contact,Exurban,Ptilothrix bombiformis,253,174756,body too long and narrow to be carpenter bee
04272022_252_C10_1,5831.759,,Rustic Roots,16.489,anther contact,Exurban,Ptilothrix bombiformis,253,174779,body too long and narrow to be carpenter bee
04272022_252_C10_1,5834.629,1.101,Rustic Roots,16.489,anther contact,Exurban,Ptilothrix bombiformis,253,174865,body too long and narrow to be carpenter bee
04272022_252_C10_1,5835.73,,Rustic Roots,16.489,anther contact,Exurban,Ptilothrix bombiformis,253,174898,body too long and narrow to be carpenter bee
04272022_252_C10_1,5832.994,1.601,Rustic Roots,16.489,head frontal PER,Exurban,Ptilothrix bombiformis,253,174816,body too long and narrow to be carpenter bee
04272022_252_C10_1,5834.595,,Rustic Roots,16.489,head frontal PER,Exurban,Ptilothrix bombiformis,253,174864,body too long and narrow to be carpenter bee
04272022_252_C10_1,5831.759,0.868,Rustic Roots,16.489,head side PER,Exurban,Ptilothrix bombiformis,253,174779,body too long and narrow to be carpenter bee
04272022_252_C10_1,5832.627,,Rustic Roots,16.489,head side PER,Exurban,Ptilothrix bombiformis,253,174805,body too long and narrow to be carpenter bee
04272022_252_C10_1,5824.585,11.212,Rustic Roots,16.489,land,Exurban,Ptilothrix bombiformis,253,174564,body too long and narrow to be carpenter bee
04272022_252_C10_1,5835.797,,Rustic Roots,16.489,leave,Exurban,Ptilothrix bombiformis,253,174900,body too long and narrow to be carpenter bee
04272022_252_C10_1,5825.053,4.938,Rustic Roots,16.489,unclear,Exurban,Ptilothrix bombiformis,253,174578,body too long and narrow to be carpenter bee
04272022_252_C10_1,5829.991,,Rustic Roots,16.489,unclear,Exurban,Ptilothrix bombiformis,253,174726,body too long and narrow to be carpenter bee
04272022_252_C10_1,5853.681,0.401,Rustic Roots,16.489,anther contact,Exurban,Ptilothrix bombiformis,254,175436,body too long and narrow to be carpenter bee
04272022_252_C10_1,5854.082,,Rustic Roots,16.489,anther contact,Exurban,Ptilothrix bombiformis,254,175448,body too long and narrow to be carpenter bee
04272022_252_C10_1,5855.249,0.468,Rustic Roots,16.489,anther contact,Exurban,Ptilothrix bombiformis,254,175483,body too long and narrow to be carpenter bee
04272022_252_C10_1,5855.717,,Rustic Roots,16.489,anther contact,Exurban,Ptilothrix bombiformis,254,175497,body too long and narrow to be carpenter bee
04272022_252_C10_1,5854.148,0.901,Rustic Roots,16.489,head frontal PER,Exurban,Ptilothrix bombiformis,254,175450,body too long and narrow to be carpenter bee
04272022_252_C10_1,5855.049,,Rustic Roots,16.489,head frontal PER,Exurban,Ptilothrix bombiformis,254,175477,body too long and narrow to be carpenter bee
04272022_252_C10_1,5852.18,4.037,Rustic Roots,16.489,land,Exurban,Ptilothrix bombiformis,254,175391,body too long and narrow to be carpenter bee
04272022_252_C10_1,5856.217,,Rustic Roots,16.489,leave,Exurban,Ptilothrix bombiformis,254,175512,body too long and narrow to be carpenter bee
04292022_110_C4_1,1595.527,0.434,Carondelet,54.085,anther contact,Urban,Xylocopa virginica,no ID 2,47819,
04292022_110_C4_1,1595.961,,Carondelet,54.085,anther contact,Urban,Xylocopa virginica,no ID 2,47832,
04292022_110_C4_1,1596.161,0.334,Carondelet,54.085,anther contact,Urban,Xylocopa virginica,no ID 2,47838,
04292022_110_C4_1,1596.495,,Carondelet,54.085,anther contact,Urban,Xylocopa virginica,no ID 2,47848,
04292022_110_C4_1,1598.397,0.233,Carondelet,54.085,anther contact,Urban,Xylocopa virginica,no ID 2,47905,
04292022_110_C4_1,1598.63,,Carondelet,54.085,anther contact,Urban,Xylocopa virginica,no ID 2,47912,
04292022_110_C4_1,1596.495,1.902,Carondelet,54.085,head frontal PER,Urban,Xylocopa virginica,no ID 2,47848,
04292022_110_C4_1,1598.397,,Carondelet,54.085,head frontal PER,Urban,Xylocopa virginica,no ID 2,47905,
04292022_110_C4_1,1593.792,1.669,Carondelet,54.085,head side PER,Urban,Xylocopa virginica,no ID 2,47767,
04292022_110_C4_1,1595.461,,Carondelet,54.085,head side PER,Urban,Xylocopa virginica,no ID 2,47817,
04292022_110_C4_1,1593.192,5.505,Carondelet,54.085,land,Urban,Xylocopa virginica,no ID 2,47749,
04292022_110_C4_1,1598.697,,Carondelet,54.085,leave,Urban,Xylocopa virginica,no ID 2,47914,
04292022_110_C4_1,1596.762,0.834,Carondelet,54.085,pollinator combo,Urban,Xylocopa virginica,no ID 2,47856,
04292022_110_C4_1,1597.596,,Carondelet,54.085,pollinator combo,Urban,Xylocopa virginica,no ID 2,47881,
04292022_110_C4_1,1597.83,0.133,Carondelet,54.085,pollinator combo,Urban,Xylocopa virginica,no ID 2,47888,
04292022_110_C4_1,1597.963,,Carondelet,54.085,pollinator combo,Urban,Xylocopa virginica,no ID 2,47892,